,Gpd_1,Gpd_2,Gpd_3,Gpd_4,Gpd_5,Gpd_6,Gpd_7,Gpd_8,Gpd_9,Gpd_10,Gpd_11,Gpd_12,Gpd_13,Gpd_14,Gpd_15,Gpd_16,Gpd_17,Gpd_18,Gpd_19,Gpd_20,Gpd_21,Gpd_22,Gpd_23,Gpd_24,Gpd_25,Gpd_26,Gpd_27,Gpd_28,Gpd_29,Gpd_30,Gpd_31,Gpd_32,Gpd_33,Gpd_34,Gpd_35,Gpd_36,Gpd_37,Gpd_38,Gpd_39,Gpd_40,Gpd_41,Gpd_42,Gpd_43,Gpd_44,Gpd_45,Gpd_46,Gpd_47,Gpd_48,Gpd_49,Gpd_50,Num_clinicians,Table_feature_1,Table_feature_2,Table_feature_3,Table_feature_4,Table_feature_5,Interperson_feature_1,Interperson_feature_2,Interperson_feature_3,Interperson_feature_4,Interperson_feature_5,Interperson_feature_6,Interperson_feature_7,Interperson_feature_8,Interperson_feature_9
Frame_1,7.343764181909513,4.096031981386952,-4.661792698576028,6.896235357105401,-1.5942308283514626,0.472373664591082,-6.77422738460211,3.7812331181978154,1.8987229707751092,-0.6767028957450715,-3.5396068663134983,-0.33826042921970456,-0.02926090105861423,-0.29528732586836415,1.3543897642856833,-3.900539857956792,-0.39532262422785164,1.263952586418915,1.3804022684555677,0.7140329766333499,-2.676765397704179,-1.6116942008514688,-2.366799090773205,-2.9327429930809767,-0.6975246708803149,1.0935388627664797,-0.1549729749490495,-0.8501410075877344,0.8076635359699118,-0.5562761765813997,1.5506263966820328,0.006331561428537746,-2.020178257524975,-0.7734301894099807,0.7473783086988826,-1.4061558778183438,-1.2321062795165476,1.2875895223375287,0.6341115598434159,1.0569772188709377,0.2093213504667121,0.4264233901183283,-0.1676661777800317,-0.12084385939263448,-0.29474552854872105,1.616703266108558,-0.2291504650911147,0.8426771506344148,1.3978203322986658,0.15955500449692733,2.0,0.0,1571.9347891237744,0.5,0.0,1519.6222989267594,960.1597742847763,0.0,960.1597742847763,960.1597742847763,2451.2962178056755,0.0,2451.2962178056755,0.0,2451.2962178056755
Frame_2,1.211790292370799,-1.4371738872973132,1.960364701493335,0.13237827757998075,2.7519857530047855,3.045753086290491,-2.596099952671174,5.533402656207515,1.5200390182473364,0.2003174698295506,0.8809988359011783,-0.14541490814962987,1.3669317329423132,2.396418470446521,0.8526337723035691,-2.981461946279616,-0.7668035528846238,-0.587845161077125,3.6270011518945395,0.49278380095626745,3.781585205220525,0.09308683501626398,-0.08480453766182879,-1.708796495787702,-0.3439113599255374,-0.10009096688506292,-0.5343393155721822,4.3182311001253275,-2.440170688091838,1.7693783195452317,-1.12545659942636,-3.1308064607892923,2.1754855267981,-1.0989585192719238,1.1503345545168997,-1.051019472727748,2.854513083688927,1.5627727405823595,1.1057471595964474,2.3526107950009596,0.1943816777317842,-0.8430951558152303,-0.09669569672743472,-0.556658695124674,-1.5797838810450198,3.4702683118498343,1.0451247191504136,2.7085489581195574,1.5329695985200076,0.819810214892365,3.0,0.0,1973.1809037165983,0.3333333333333333,0.0,1698.6739082014574,1081.1262655107337,191.7807140334456,814.0248294618857,1255.4492848958828,2629.8726850155967,71.11516537771594,2683.643375066356,53.770690050759185,2529.3830956244965
Frame_3,-0.8241215059931092,-9.662857586280149,4.580570574665647,-6.023456218353702,-2.179495429625232,-3.1258711688975325,-3.1255674116585905,1.4550385467663733,1.7509964711826733,-0.6314894660902757,-1.0193391606714428,0.04564859596680212,-0.06687212818743167,-2.692212919807508,-0.007634571577661148,-1.318167713459941,0.30465482233032076,0.6055210890822248,0.8520695788036928,-1.5831245315221185,0.4611147901111062,-1.0052153679354972,0.12243880800678168,-1.9361124840998627,2.1455358805911895,0.9418757807802907,2.3506354552638986,-0.8475149668567664,-1.3505853364662752,-1.6079234340050321,-0.954352811731476,-0.5236220743776618,0.3707355189513051,1.746518167819798,-1.6975931240255537,-1.0165729353246078,0.34547904012161473,0.008686895545536219,-0.5105178851960925,-0.9039919951354204,1.0994881368412226,-1.409881846414508,1.8754631170164926,1.3936489521721735,-1.6250385984766582,1.221087101668427,-0.6307528575728981,0.33205640065476744,0.056351443679068615,-0.8987903082053387,3.0,0.0,1947.201981148293,0.3333333333333333,0.0,1510.5077569936138,1370.7650345457193,381.7777178075447,858.5029352029908,1774.6187801857166,2456.5164562346718,41.948402358612384,2515.8224427576683,59.30598652299659,2425.597499877077
Frame_4,2.475940247467451,0.17750079614279338,-2.9811338344674763,-5.068401409682489,-5.331783979372581,0.8217025151005354,-3.1914226843313305,-0.7920131772940985,1.0190774616729568,1.108911914929491,0.08340896685669481,-0.7510360198175928,1.5469434777691706,-2.5121903286175606,3.827293205561391,-1.456001502512267,2.495996673548168,1.9445032704400658,2.1153486029390596,-1.5378134490003506,-0.3791594368129489,-1.2946091746128903,-1.1630380162247123,-0.9550724389998049,-0.5901690154073879,1.4553641424353583,1.8024903168292337,-1.3195624547340308,-2.609448947357112,-1.412433623585821,-0.7002425460152688,0.6783408238062755,0.2214932162366825,-0.15791403686332797,0.1861297165788669,-1.2770471616308823,-0.7891699440969111,-0.8346905212507255,0.9126617114301773,0.4802374325585259,0.9242300127149149,2.3114975662546464,-0.4676254528734934,-1.0728490756677873,-0.39934223955542764,0.2829616187443566,0.015370416915913981,0.9669743056895349,0.9081817521017651,-1.96175876598381,3.0,0.0,2025.4867510451925,0.6666666666666666,0.0,1521.3432096571762,1496.00163253563,555.6800521737405,803.3246301567638,2163.773499070491,2208.8563622834017,245.05710627767263,2442.129573123181,233.2732108397795,1870.2576320895887
Frame_5,4.209375510640232,-2.899272874358532,3.246987395495876,-3.577865418631718,0.2875496380686824,0.6069836279097724,-0.4406541111299349,5.829355070985841,-5.043823010568978,1.2669113401037009,-0.11777483017500989,-1.2874956806186746,0.9763255315889878,-0.255707871730725,1.6735826425894735,-2.8295251274552813,2.740616099774446,-1.3041642107161906,2.205268024112596,0.2502051565777128,0.8963422420605206,0.10840085272370281,-0.9195805876144856,1.1401776204390486,-3.4129725372347033,-1.492067839335902,2.1534532942754305,2.8967327215172256,-2.676165197955638,1.5440242892536775,2.197046686948725,0.32272354332972597,-0.8897091622796811,0.08713427897912285,3.7771622631775776,0.05511411421688303,2.19773405261114,-2.1518117651506126,-1.3353549924752874,0.05641163164349122,0.5301104152595952,-3.5461237501589054,2.701451111669828,-0.34905672705333113,0.17961977590537148,-1.4497015385630507,-0.6099018885605385,0.9448305046736876,0.8957001472456786,-1.0806346499278763,2.0,0.0,1664.902965943007,0.5,0.0,1656.1462882367514,805.1612087965829,0.0,805.1612087965829,805.1612087965829,2687.439841551739,0.0,2687.439841551739,0.0,2687.439841551739
Frame_6,-1.208703496228876,-5.02492121773649,0.2620563260588502,-3.5790182387810896,-4.088000112496595,-1.5772091621842028,-0.23338407827340257,-5.462837204155855,-0.061220996926374394,1.1869643401378782,-2.4839875554101134,0.841502236818529,4.712597780973281,3.7467241648607668,0.8871504221154607,-1.3727253445378709,-0.9382344460067055,-5.778047458796513,1.7812076224782827,-0.8305185487750721,4.696264665707784,-3.582041827846104,1.1193436526125717,2.107215390295865,1.6879213405115427,1.1357665426319001,1.743646465464241,1.1372359669559398,-2.414058521380844,1.1748326116092822,-2.760994215074704,-1.311450617049452,0.13142450780570875,-1.2704425763127531,0.771302207014079,-1.1991470165605733,-2.883682181665813,-2.4790238589196116,-1.365258082230865,2.0196794608558717,0.5146753453564566,-1.5206325872757005,-1.1322364605857278,0.7505735813845295,2.3912437526723322,1.4471314978928287,-1.023813294143413,-0.5912138699768905,1.5825452980682517,-2.0255973775786633,2.0,0.0,2192.953126696598,0.5,0.0,1490.548042692984,1969.1211532315344,0.0,1969.1211532315344,1969.1211532315344,2571.8832758099393,0.0,2571.8832758099393,0.0,2571.8832758099393
Frame_7,-6.0524780350489165,6.41261563882074,3.639612160909101,-2.1368718162375337,2.264008947328467,6.43964820983053,-2.79040713069102,6.651327279275095,0.10397947878659686,-2.814109827211999,-1.5212139276105836,1.9525149708604332,0.8149889500090922,-0.3257459605045241,-2.9486068488937605,-0.6004445164871988,-1.554378730796627,-1.4285075928560835,0.8496627583542206,0.4699850468090574,0.015394487170572457,2.5120746003040253,-0.3153646945158707,-1.1985112179133677,1.4712272339830959,0.9998697064968999,3.3986217943985846,0.9416533544542819,0.5384139443382173,-0.5374404441291365,-0.5206648295040353,-1.833479117713399,-2.6629973107145037,0.2826556351479485,-0.589864043870345,-0.4302305273439895,-0.08154211598071781,0.13875140470941527,0.8974845263521961,0.08218664111090694,0.5545893167581033,-0.6308631926975531,0.9683839577335692,-2.1779840666641057,-0.1361243660576732,1.1493701974725692,0.6228632268255272,-2.3512155514667974,0.3295485854466203,0.2190174750454062,2.0,0.0,1956.8620062439645,0.5,0.0,1542.0868123172002,1182.1941507234073,0.0,1182.1941507234073,1182.1941507234073,2502.908049256811,0.0,2502.908049256811,0.0,2502.908049256811
Frame_8,1.3541134636883951,-2.820405591721444,5.764981397827745,-4.492428828171937,-0.05313360245709131,-2.533324125603614,0.20755837421999335,3.5671327776490456,-0.7034218541650223,-0.9390812935364254,-0.552494916811084,1.4808669484381958,0.07692448937673416,-1.879874790460414,4.395875004816033,1.9145672923627781,1.457250023154755,-1.0523959618358378,0.009457826850972018,0.06928203256255783,-0.2544768937358848,-2.505378147247271,2.6685444974698904,0.06409448918919691,0.030863310288061885,-0.7298408699661699,3.367345208389766,-1.5958297281988045,-4.283348907589251,-2.8896156955339105,2.7950371000288294,-0.24111707267360694,0.7659914894596984,0.5635385566586621,-0.6782560512364734,2.2229813235041154,-0.7600529413974408,2.407988035227394,-0.6170201300319038,-0.02379256045335343,-0.9192705563090768,-0.3736232578390555,0.1223340594355701,1.7380629423121408,-0.10932984860760064,1.4671693165026114,2.548452234776206,-1.5141233505481346,-2.111113110096488,0.6252290505086189,2.0,0.0,2074.1627698655543,0.5,0.0,1654.3492695303503,1162.0491422437933,0.0,1162.0491422437933,1162.0491422437933,2492.738549813347,0.0,2492.738549813347,0.0,2492.738549813347
Frame_9,2.2663761189933336,-0.45079144367710366,6.123812390133912,-3.444600937712983,1.9904322200054598,0.12256958904651505,-1.6473308872496732,5.810961064158406,-2.563976044518316,-1.6056867159091832,-2.7743451745438046,0.0884498855987379,0.0712365830030229,-1.0561299690824728,-1.287580754369926,1.3220414183677573,-1.7496815099804461,-2.0486822117448718,0.12384693363925206,1.3868004754476684,-1.0863625411302555,0.5587708914491443,0.3142340995325687,1.424969175947901,0.5372832030962571,-0.27538010796457496,0.1552055229459544,-1.3387347783435595,-1.3021419767077815,-0.6494607434180608,2.7328741866184423,-0.8341375685186933,0.849955891836046,1.0190551911882537,-1.5069205395482674,0.5804210763080202,-2.596220690326016,0.47884371658614694,-2.0912245292581946,-0.25422484347832275,-0.17929975573041174,0.8489111862225459,-0.9192109750490575,0.4917473571907417,0.10539332571914778,-1.5264451291545291,-0.21634223260580707,-1.0139870847028714,-0.2676800343046634,0.9931615961982483,2.0,0.0,2082.700188150236,0.5,0.0,1670.8496986769208,1172.4077395878764,0.0,1172.4077395878764,1172.4077395878764,2487.6351818404664,0.0,2487.6351818404664,0.0,2487.6351818404664
Frame_10,2.7368448987626595,2.025844496292967,-1.7243178590049943,-6.125807407344616,1.1429994680528246,-3.651206418951051,-4.667584638868224,0.6897027327787297,2.4955571675680073,1.978709631537223,4.593502541529336,-1.6594531330348032,2.3346147124625256,1.9808942164710293,-0.46729328222629274,-4.61522602417911,1.125571287694458,-5.538148481409628,4.9592830603953875,-0.9919548351404466,0.302902896094966,0.3748930030398683,3.876674335431528,-0.0764279294224298,-2.9687302889555767,-1.597439171919541,-0.20217513320516245,-0.885363369209154,0.8313511213749298,-1.1229751729709005,0.6887934054037793,-0.24593535216454088,2.7585763453823975,-0.035825874072732855,0.2866755168558139,0.8298681283804621,2.6019459384549735,-2.237035437516708,0.24847684888027033,2.8404833021601474,-1.796137596924194,-0.12860808425897596,-0.6091476383055217,-1.3015943312227423,-1.54299346972222,0.46981562076956473,-1.4605551588451524,-2.3395313876174906,-0.1589693609396284,-1.0742819531854007,2.0,0.0,2976.3306997671343,0.5,0.0,1829.0909664602348,3001.850895691955,0.0,3001.850895691955,3001.850895691955,2350.310987232762,0.0,2350.310987232762,0.0,2350.310987232762
Frame_11,-5.0645388657624695,-4.1312927994096835,-6.234594154334277,-1.865878110302535,-8.781987403461358,-0.632876693243286,-2.2302692937731203,-2.3573192868567396,1.8467870497460255,-2.5222569677708027,1.3425709971174622,-3.5458117399323177,-0.5774687568115395,1.1702123298668743,-2.8744807923038516,1.1703649920802521,1.603958705935307,2.046745987854118,-2.0041582795304844,-3.40875466041278,2.8048731734594012,3.4645276581081936,-3.4805377701479556,-0.7818238407749319,1.430206913904391,-2.4822836887942326,-0.6010013960470083,1.3160047827355936,-0.10246168813260459,-0.7777852686221491,-2.340806178214885,1.2517345039980006,2.8106181555260403,-1.5721809070481783,-0.4116599043228363,0.3000709277307998,-2.005236471380733,0.0066033220489687405,1.456605519679019,1.7190237966092112,1.3309301771683286,2.2623323057758427,-1.4931720872961838,1.2478589960319184,-0.1504246627802696,-0.45801002334803526,-0.40363532415438025,-2.0497707238742287,0.23756040897084738,1.510488118417767,2.0,0.0,2602.04017935713,0.5,0.0,2388.807858165309,1566.3501329100743,0.0,1566.3501329100743,1566.3501329100743,2092.5469778705565,0.0,2092.5469778705565,0.0,2092.5469778705565
Frame_12,0.9639205820040324,1.8044257247072015,-0.7577078023328359,10.291316585934638,5.632466443095948,7.687314843386928,0.06950306178394064,4.893722557705148,0.8679015508094313,0.31589527119526983,0.16286731266558357,-2.1297204514234958,-3.0487771553091774,1.813267295571341,-5.533544745269094,-4.388261349676976,-0.457160526167512,2.8735136448948553,1.5839182699435561,-2.0434082463311976,-2.4453037226523975,-3.5145189389324267,-0.21245331674479817,-0.885211275439555,3.837413929070595,0.2811866202935127,-0.14213679149094205,0.5256342368823539,-0.8646797725981902,1.714067421183621,-0.43349372743231784,-4.402954738577995,1.6536035288368764,-1.9713449707395851,2.606077650048274,0.49235616405702853,-0.5368345900729583,0.9584761776559749,-0.998877229876163,-0.11241135891652965,-1.120646901249628,0.4837707185920843,1.362324020161932,-0.15970812889809308,1.3349243555143504,1.5092169169994407,-1.1469875984208047,0.5721162256527685,-2.36086542394312,-1.675064152230057,2.0,0.0,1875.6066118494225,1.0,0.0,1515.9535354318136,1282.020902201536,0.0,1282.020902201536,1282.020902201536,2580.5337243860868,0.0,2580.5337243860868,0.0,2580.5337243860868
Frame_13,1.7707974280541823,5.460573379902691,4.8935550172353315,-4.028046040858904,5.05398374856774,3.273298410626677,1.4292301495368296,1.3113122218589073,9.318673422114422,-4.625772725639176,-5.674656675273367,0.6101240985340654,-5.488425837383443,0.686619330722297,2.2096442105680234,-0.752121554177217,3.1889870475108806,-0.8810409249511029,0.5427665372183555,-3.457733348551955,-2.2456139909504667,3.2316237212920194,-1.2304720328178533,-1.0931121852877361,-2.0121778156820036,-0.21820670526109853,-0.04822233687005262,-0.06427787376828542,-0.8878565684184694,-0.8580766149259152,-0.33991624235529155,-1.246258724024984,-1.9252953887543054,0.053209484970600296,-2.1753767056988322,0.5448385563594049,-0.6924928334631015,-1.6858774772606884,1.43518627874677,0.9503186395643838,-0.3980576887287952,0.9170340948991933,0.6134956534371008,0.48315876236692723,-0.42225449432106255,0.31051118869744543,0.255263248536446,0.5390134722194146,1.7928950115292839,0.222405973961545,2.0,0.0,2132.90483366804,1.0,0.0,1893.6104117890047,1710.9891897366624,0.0,1710.9891897366624,1710.9891897366624,2555.7577311778305,0.0,2555.7577311778305,0.0,2555.7577311778305
Frame_14,-5.706749208948364,1.687342857695291,-10.38502042762541,-1.5344556782532055,1.6446444245260992,2.6225420739490906,-0.7869675246664756,4.929264660193776,-0.6266094217740277,-1.8643703349290892,-0.2657809455510787,2.8323926867138436,-2.462849642009469,0.35535723248699647,-0.9273096446300658,1.4695583373380738,2.653032899866271,1.0375215193826173,-4.549773379054638,-2.273354651922693,-2.452496892473749,-0.36648465658141177,-1.0788321895039776,-2.117477897215572,-2.5301948019961604,-1.9519277064899945,-1.850578632152725,-1.4508802518583903,2.3277291762156165,1.1133837356324368,-2.8877707778566317,1.0475793671031925,-4.343908801398074,1.9680269181407053,0.3849892467687708,0.753573255369001,1.0021129020509982,-0.3773104252651187,1.3460230796393544,1.357223596142361,1.6840455225991735,1.3870373275311558,0.8687007373213729,-1.8208354487013434,1.0464716806904693,0.26054933798213176,1.5995273832257748,0.2928928029908393,0.617287929767492,-0.5426733862564299,2.0,0.0,2618.1527178637093,0.5,0.0,2537.111446782527,540.2480709419225,0.0,540.2480709419225,540.2480709419225,2339.215311907998,0.0,2339.215311907998,0.0,2339.215311907998
Frame_15,5.352907474811443,-4.925712352702212,-2.7717036569733247,2.2719688052678544,-1.399737194660998,1.2898284719428346,-0.7962101476374099,-4.726995884577208,-1.9167511822570154,1.9910609706969105,-2.099587436505276,0.9502620478260582,-1.8180714249394798,1.8423014222340712,-0.9874006934953755,1.2295905309155337,-0.44532528502729796,-4.388459761351185,0.7289867672453874,1.3914365834304256,-1.9863890064892333,1.5950526125584237,0.06543794142934112,-0.10478303072466422,-1.3502147553862311,-1.8225327577234514,-2.7188709106522047,1.2844945805481585,1.2133186666474052,0.07840400516601576,-0.6126949871755007,0.15485449563521964,-1.455117851274487,0.738365019233613,1.0520873821391,0.7526693135834139,0.30645074227336866,-1.4659028255000164,2.0503367235446586,1.1787907661445094,-1.2114290545443933,1.9541653966505952,1.29890110109415,-0.09373849564405745,0.9370109744145727,0.6757938461104148,0.3847763414041262,-1.8487036756986286,0.6488745111071443,0.6065529024057225,2.0,0.0,2380.494497350577,0.5,0.0,2100.5771694481496,880.3562610821004,0.0,880.3562610821004,880.3562610821004,2571.2434412853963,0.0,2571.2434412853963,0.0,2571.2434412853963
Frame_16,0.7276020207830092,-3.112690374524317,-1.733983812872446,-0.6905477339479638,6.836121081804364,-0.33096265213947196,-8.356851900820052,2.667828475577637,7.610828615010087,0.330183871781966,1.3419908649078738,-0.8173861532472859,-1.28648216500097,-0.7086662920176748,-3.8736510433470257,-2.5686729851049708,-0.8651627266251027,-3.2060554077314363,-3.797148920316402,-0.6561944239125737,-2.4356852330980345,-1.769992301065168,-3.1731909901737954,1.9598590404792962,-0.7796511571136304,0.5344378396287702,0.24824117999149825,-1.2117466355879378,1.3770625013250941,0.3971939095653715,0.99910298428872,0.8634623592691085,1.068959291518598,0.09489078544907309,1.5644783403891591,0.1293427197724304,0.9916642188071328,-0.7350951503298986,0.6120187984444558,1.9498681252931083,-0.5507413211891059,0.3007872764288241,-0.8164785857169595,-3.3368063506800545,2.158682451460302,0.5152304697328689,2.366401599811287,0.12520816283940578,0.9073535424405922,0.9697585672227923,2.0,0.0,2398.0484092374445,0.0,0.0,2089.6344573665983,858.6395536660444,0.0,858.6395536660444,858.6395536660444,2728.613721937021,0.0,2728.613721937021,0.0,2728.613721937021
Frame_17,-4.501564231897204,6.845490847705118,2.6819637734752844,-0.002715485925155567,-0.4810030644278527,5.4250883165446115,-3.8049609996792384,1.1407304705725294,3.3882186961736234,1.282083490918206,2.9231612551917268,6.7959933750853825,2.7683699217917113,-1.285435049356581,-2.0918019832448973,0.4053411612329276,0.530165929051584,0.046949377077053434,-0.002714486883939271,-1.1112454670015797,-1.5028193512711738,-1.1004979435507893,-0.09774559584602627,0.9294915080183455,-2.236310957823457,1.7503912218615216,2.867556164770507,1.0851951486775968,0.6346384229707448,-0.924453342690747,-1.7434445534113556,-1.4124238381841776,1.4115738104074125,3.442080697688374,0.07033595189937739,0.36303842458580887,-1.877543208832912,0.07732651406293048,-0.3004394833343712,-0.3215826964792501,-1.4594842567172999,1.1110329027315315,-1.966872338728895,-2.1110486924764755,-1.2566969671562767,-0.7284480693200349,0.9594735988983596,-0.5238919352098198,-0.16531120087381274,-0.5827414994482997,2.0,0.0,2697.344801918688,0.5,0.0,2542.4047124206327,1063.3615544785996,0.0,1063.3615544785996,1063.3615544785996,2437.0726106891607,0.0,2437.0726106891607,0.0,2437.0726106891607
Frame_18,-5.020560673783213,7.780110410409151,2.4537111334806383,-0.47138332721805865,0.31866943388606295,5.099962481049852,-1.9690624566563293,-0.4270814332479702,0.8770175448452937,1.812422946330405,4.699036964963471,8.180483795429138,2.120107679613348,-2.614097624503398,1.0483005675054116,2.0953172534783397,-2.913672331574136,0.1380035209739393,0.36402752071393696,-2.0375740328839367,-1.8691219319084937,0.5266999060757166,-1.6936658368509017,-4.292529694082788,2.1093311667918857,1.898851628255698,-0.591669989356615,-1.028532679923524,0.03464325261968315,0.42856457738781484,-0.9401777456685918,0.21212680703568854,2.5517328212357806,1.3843761221120843,-0.6659758488903695,-0.288804450471165,-2.064468139093392,-0.4850093335977923,0.14424383171973665,-1.4295697095512212,-0.4555916572765883,0.3929945393411596,-1.4817034942945504,-0.4226209034549568,-1.2082882366383765,-0.9580130060487225,-0.8696992122996055,1.1195660943250145,0.6284682252856897,-0.09949281598381549,2.0,0.0,2697.344801918688,0.5,0.0,2542.4047124206327,1058.8266103081264,0.0,1058.8266103081264,1058.8266103081264,2398.368657081658,0.0,2398.368657081658,0.0,2398.368657081658
Frame_19,-9.732833031225564,0.9202448158174992,3.0577769671302226,-5.693664909709426,-4.073257458859199,2.6737702455631425,-2.449632250721523,1.265650294027544,-0.2566002564335131,2.094736370543531,-0.8469699702582882,0.7376393975584765,-1.915797759211185,-3.203745771844901,2.010482588273065,0.9995837411722516,1.43944878332118,-0.6423226027004543,-1.8529779076552662,-3.138925825970616,-0.5150094812629591,2.071363998441495,-3.69949149188043,-1.5179595431224555,-0.45379955410089956,1.9152798023464341,4.914121018974294,1.459844577934131,3.2901432516251092,0.1002191837258394,-0.9595426705372482,-1.8871007945784846,0.13147472554040385,1.906675204521166,0.5745729501545712,0.7923032155854591,0.3717657843805899,0.6659854434520277,-0.9889876560770565,0.7855298206591272,-0.15929636039727535,0.9758149325414625,-0.39646049448027143,-1.340564090210774,0.4716408326596909,-0.8487506753583998,-1.403209488476198,1.0358026549079327,0.6413325426941499,-0.08388855420240564,2.0,0.0,2642.385031990218,0.5,0.0,2638.917561303615,620.7250987481732,0.0,620.7250987481732,620.7250987481732,2228.982048914929,0.0,2228.982048914929,0.0,2228.982048914929
Frame_20,-3.2360338895734477,-5.447589523447105,-3.0704842026703214,1.5782241091730174,3.27547338340867,2.830953276154026,-0.3121689511226984,6.758392585045406,-0.12787928717489017,-1.460439624758078,4.21602282676122,0.14445598974349538,1.1981429348759014,-0.5904233966954254,-2.4416381680038493,-5.576492898729173,3.441890998979243,5.298372099049599,-5.101134823724402,-1.867569033342527,-2.28813038399124,-1.3375509692315672,0.2410271308722644,1.4202232040110947,-0.6960502835626056,-0.017129144070965663,0.6585373768213499,1.4810265072460187,0.8110023258493989,1.5200414619861597,0.5284172111169299,1.0217884683750031,-0.20639546846869694,-0.49939796843496287,-0.9147543464548412,0.13183948191468575,-0.12562234276253498,-2.0444997446380775,-1.9489165532456854,2.2203264279247215,-0.8348520580285668,-1.1626347282150138,1.380319017855169,0.8135476399551942,-0.8661504873655195,-0.8021396985294427,0.6937008608257325,-1.1832822990773892,0.808319289846413,-0.838661000764972,2.0,0.0,2852.2833144556,0.5,0.0,2657.7314343231446,1331.073237527059,0.0,1331.073237527059,1331.073237527059,2599.1596765213008,0.0,2599.1596765213008,0.0,2599.1596765213008
Frame_21,6.953676524608742,9.717876362295083,-2.8423263159088923,-1.6130633237400827,2.030434429670267,1.6418924197314375,-1.2820563921691948,-1.617873066545137,-6.280464727732936,6.273391182464727,-2.1865521200082765,2.172421485832933,5.93599700684893,1.1809882609151399,0.9740167515808575,2.5734486094869555,-3.4072598557106253,-4.881581447879505,-1.8087709205215219,-0.35753840576966656,0.5157449798040045,-2.7002224361457814,-3.121308292853404,0.18198531789677985,-2.0618197692104228,-3.092914686327146,-1.2649150919066559,0.849546879600839,-0.2734678445980785,-1.3894584656074689,-0.9925167157304544,0.10470734874878218,0.46026364540848086,0.15356162246406416,0.3801292819826036,0.9932701636897849,-0.3633637061288355,-0.540311611287034,0.20276248255503307,-1.9776412935691825,-0.20255973174688346,-0.5349953996695902,0.708184929235575,-0.20046582146394676,-0.1758448730771664,0.7478186278521199,-0.3059856000545355,-1.3212589265969892,-2.174244150674619,-0.3062167869223341,2.0,0.0,2385.07102258766,0.5,0.0,1634.8964072363626,2075.4611835159553,0.0,2075.4611835159553,2075.4611835159553,2160.907251305116,0.0,2160.907251305116,0.0,2160.907251305116
Frame_22,8.874747446533007,8.222902255582024,-4.764911085233283,-6.104443323677405,0.25795893643406614,0.48698889733191686,-0.4234416267181338,-1.6464248740941723,-2.831050086103369,4.783887129163805,-2.482936254542558,0.22212297709778883,2.798504650499968,1.548892735763626,3.4319220854738983,-2.030531657633876,1.9542740949066721,0.872273577847619,-3.835176558277772,1.9195043529362288,0.486953656876016,-2.30782664975522,0.04803031308264294,0.2638338105871303,-2.22363647734834,-0.19207258326109988,3.336214406582707,0.3050314035493069,-1.9802260569054553,2.101507419136751,-3.4735561956475727,0.10590930803375631,-2.9466575661043772,3.3138652602682295,3.472270311031963,2.0294578149472984,-1.691889665622037,0.1076717903371831,1.19653931356747,-1.2239986295181042,-2.3750041263899484,1.4271339747020386,-1.1290605040092343,0.22401970198015997,-0.4349872106081286,0.863746655222661,-0.32441992945749987,0.050248750857010194,-1.0207215105578307,-0.8158598747640946,2.0,0.0,2269.7765282976893,0.5,0.0,1403.4633769672803,2159.628701417268,0.0,2159.628701417268,2159.628701417268,1955.3270789352669,0.0,1955.3270789352669,0.0,1955.3270789352669
Frame_23,7.891530701641075,6.647174538333936,-5.152687197785561,-3.3942213900633433,-0.31175670322877413,0.08774493646849857,-1.9959519304334887,2.3929898202547175,-2.6199591985625625,2.36371204898153,-0.39032147690758245,-5.476655979341583,2.856336544772987,2.1530891369370417,1.0529071336806888,1.7249204281867674,-0.17883253332060312,-1.4299954773771328,-2.4747517583586967,1.3453423877913213,-2.2076162022740857,1.29900171246847,-0.14648458874014086,2.5316225384754674,-1.7756739444550715,-0.23906339422033032,1.3638545017500132,0.8416274106114205,0.4718414088325877,-0.8118525260686806,0.679387703472559,-1.1957955219668264,0.47512834478909793,-1.1387666814893282,-0.3893232878502876,0.32671968396149886,-1.2099991744172511,-1.7652127486539193,3.427002767997772,-1.2519348962701087,-0.4119174502407441,1.4521686390077484,-0.5909812238060294,-0.6480557551698465,2.195912483578954,0.39104518813749056,0.4269220048994011,1.2401445257612456,0.7933593077751696,0.1140544548894985,2.0,0.0,2307.803717104456,1.0,0.0,1290.7368470456543,2421.439149260834,0.0,2421.439149260834,2421.439149260834,2410.490012493658,0.0,2410.490012493658,0.0,2410.490012493658
Frame_24,3.596183135578983,3.9187198045764617,-7.549834053061388,-7.03124774944138,0.39607141514895927,2.4544313259675223,-3.407967190020589,0.5686580035384433,1.5574030947213793,1.677253636249785,1.5653310293934226,1.0500369295253087,1.593524207572269,1.8371377220157035,-2.38933386410118,1.1942281809557298,0.13750570767388362,-3.5352837730949243,-2.3547084635811326,-1.6511251878077255,-1.2872525472447416,-1.4369294952843752,0.03982644119923085,-1.2872876720828246,0.49757969420252984,-0.7443426877526162,-0.10393549401156739,1.9650873398137705,0.08019697833715315,1.3224912874187866,-1.5441543332596128,-0.48333490692942743,1.0781623793093893,0.6401158704503084,-1.0337331505492704,1.4045129348885599,0.3981372035813811,-0.6580047053813871,0.08086604642427468,-1.4778681287044193,-1.6441428009528627,0.6227109124046736,-0.0057489204923300745,-0.31959286683981775,1.2156134765993947,-0.24820540427517446,-0.9925707959110887,-0.8185756184879095,0.24721352791489806,-0.9482726890754515,3.0,0.0,2423.8441719667658,0.6666666666666666,0.0,1344.6106196258709,1712.1371285876496,472.80934401173647,1127.929968520867,2285.9311580016356,2332.654765752694,179.01965949441094,2507.935955325065,175.2811895723712,2086.8072300163303
Frame_25,4.160756458965348,-1.3677453569039655,-6.7238135201126425,3.697415311436312,-1.0741987650178237,-0.38445017903194334,-1.2448444358265935,-1.2320383409173419,-0.5057185977615108,-0.477312463939487,-3.1885209417422833,5.86228759951108,-0.06632413583407293,-1.7333331691333753,2.9634104847596388,0.43408461228804385,4.370500096678439,-0.42190490538863346,0.4764877648443496,-2.738812274559661,4.208242639583418,-0.9643126950300278,-2.0831191486875964,-0.566447406541845,4.0738803795061,-1.4425593000791257,-0.6472989877507627,-1.6876033701133573,0.058084160517518024,1.278314048489945,-0.3925243986408389,-2.704857570546585,4.562899255749049,-2.9549425784454595,0.6558725564977187,-0.7759046777020624,-0.5554241101392914,-1.8226775848269507,0.7264924712081913,-0.9241163026893867,1.5082964935483083,-0.7000113934125691,-2.64459026084237,-1.763163523093774,-0.21428633982799627,2.128885720530735,-0.4871881821679259,-3.236875371033938,1.8077706046578048,0.3297159368349013,2.0,0.0,3492.3936960648075,1.0,0.0,2848.391165147719,1418.564697669344,0.0,1418.564697669344,1418.564697669344,2618.6812108756008,0.0,2618.6812108756008,0.0,2618.6812108756008
Frame_26,-8.527304873495435,3.634508993361117,1.1415337401809218,-10.104253473316401,4.494570281161135,4.722919042581147,-2.8783087789417396,3.2777822503593175,3.064310224730436,2.589266729226477,2.9373716696131003,-4.703523637187361,1.4155556734457801,1.9678312317219624,5.182178490040797,3.851645773387509,3.638417303800446,-1.9766898272133115,1.6547032402155588,-3.143106126722741,0.8315436576361692,2.0331085515708165,-1.094174785245566,-5.091694289740783,3.4593176860003387,3.825581283373996,-4.435036674216593,1.2850637744806563,-1.8046454242658354,3.5938679636343407,-3.5012296301632646,4.781216879481576,-1.374556290724808,-4.939791364012216,-1.801344997208779,-0.15625467041964602,-1.9882336328398131,0.6877674652204138,-0.19518759971022143,0.9904891798531769,-2.0149382391654815,0.8432915903495931,0.008267202300267618,1.229202913586179,0.8236341210458291,-2.354310425234543,0.02418487668201133,-2.110501299891886,-2.287586346925969,-0.11119366107914662,2.0,0.0,2569.147764369005,0.0,0.0,2569.147764369005,316.21569264311415,0.0,316.21569264311415,316.21569264311415,1607.577922256247,0.0,1607.577922256247,0.0,1607.577922256247
Frame_27,2.7296960428861454,1.5544880986371048,-2.9535838073281044,-1.7926248434957213,-1.0825224131504534,-2.2474718401556406,-0.4066249519934999,3.393552385607718,-4.210165658136312,-1.587049388143269,-2.909482133618491,1.4297477248444748,-2.984236985618781,2.8150020332147587,-1.051212602033888,-0.06148575584367203,-0.8369688279626808,2.0870632628150516,2.9782366230713944,3.0487481504544096,-1.3825774279215428,-2.665636199329104,-0.44152050315343877,0.43088767703146086,1.3030747109782108,0.33557220134307725,-0.848991775798683,0.20306246746415513,-0.005770399968064647,-0.7728529374214164,1.2876372049763436,-1.4859990498536708,-0.5763792007158363,-0.30170647635770254,0.8125942739517024,0.9131652157963236,-1.4431258800260516,0.5645555905891314,-1.4099814257119139,0.6978768333186768,0.5188742060284618,0.8116883015594113,-1.398116175031536,-0.03739777014327642,-0.630197209994873,-0.5549592496779274,-0.14941837756207277,0.4179691749209322,0.14206786776414218,0.7429360149516716,3.0,0.0,2351.648918392725,0.0,0.0,1582.922037864934,1246.0841349214704,409.74777182994006,744.8846031120476,1748.5551512000832,2395.0204356509093,48.23571266745879,2461.2019282459487,66.18149259503934,2347.610698703695
Frame_28,5.127166783493414,2.3374163407534714,-0.8521794703071818,3.8775898917431597,2.520741605971302,1.3389440041559055,-1.567146396578698,1.8235517484398944,-2.148325891347473,0.9931206671938907,-0.4946789954007951,0.6027806657933142,-0.9879393715698949,3.434413051498501,1.9839398661221697,-2.5895337550748407,-1.945489331536203,-3.1113371782241175,0.997000513729824,-0.6374887199833118,-1.0286129243194007,-0.8752754072348813,-2.294965734130478,-2.1557188113663104,-2.817427472149326,0.01202503808749004,1.572110028740923,3.134892408045625,0.1083233598780758,-1.8895516165585429,1.9365326379222427,1.034804148877406,-0.7803079216015542,0.38778843184316275,0.9933817821585132,0.8000187623481779,-0.11467249768708765,-0.7392751742503424,0.4502090398910124,0.6155180755774255,-1.049750179073439,-0.3605136082894425,0.3397263473108261,-1.7994417005016243,0.8852956138710985,-0.037096443898874266,-1.9895590549575368,-1.1250914622070332,-1.0617249524696,0.7723203151869192,3.0,0.0,1768.6430708776932,1.0,0.0,1404.5486509664183,1002.9108033045608,240.63137806055863,664.0674078201536,1199.6098756167896,2430.7386730227577,189.70666505026279,2621.1280352505746,190.38936222781695,2171.846569175311
Frame_29,-3.2092157544947506,-6.46964229499381,1.956994473766758,2.447060514499227,3.855143139302893,5.743289386825815,-3.1080437037557176,4.57146758832185,0.28748156332100727,2.7112990260299012,-0.8277444975876228,1.821367883190955,0.21446683500358077,0.6906356545901748,-4.563818299291597,2.15259203316285,-4.039775792730306,0.4229324952769904,-2.987636710607053,2.7714668589837106,-2.0316830935822936,-3.2386616210724704,2.2685642145796714,1.5599748240331188,0.986804263365912,-0.41583130521447814,-0.29659081964450046,1.4286362933023498,0.6883456658857527,-0.0017298876802475938,-1.2427264613359434,-0.3530299888070789,0.2560213996083367,0.7438232000183785,0.5477228136445533,-2.362178059807786,-0.4612729111092431,-0.08317657825057112,0.06883684352320549,0.8292644206869091,-0.4396819301578231,-0.8051320249706008,0.8935396081729627,0.5634440793840063,-0.7546179755881077,0.21128133542055766,-0.02091620828110427,1.1245259821183695,0.883159646861869,-0.4998434093117504,2.0,0.0,2237.1865838463796,1.0,0.0,1868.6370540551864,1036.4907047686133,0.0,1036.4907047686133,1036.4907047686133,2395.6434411667096,0.0,2395.6434411667096,0.0,2395.6434411667096
Frame_30,-3.540912749369052,-4.656974232349343,-9.649627704149209,2.3799691790629978,-8.678668354335647,1.3057349762520742,-2.7078747263159384,1.1169594463717611,-0.6671538062741816,-1.9768793197583863,-1.4240857251877428,-4.1517342495897855,1.2055273939425244,1.6702648888247293,-0.3046847111773647,2.7295053288777025,-1.070043974139074,2.154232006551579,0.6419127770971707,-0.02300624833896603,1.15281988840017,2.0533445827975587,1.0076941813218852,0.23451562004907212,0.4778511657303473,-0.35949656823748977,2.8513164948121386,-0.5962713373175244,-0.09764360409373118,-2.401432422893973,-1.3906321937013453,0.9150876418251807,0.5916316622648695,-0.7382237809586465,-0.6822117333941923,-0.37549025053572094,-1.1337185474864542,0.6810424050744152,0.8419826122371352,2.3043538084914768,0.2863835857217909,0.2674946807695181,-1.8916709328795833,-0.876169239774067,0.5064469855768973,-0.03529105650958052,0.4671091612380375,-0.7735458641211832,0.8885507276262228,0.6549065098720916,2.0,0.0,2588.2888596855855,0.5,0.0,2466.580228279246,1306.994798719498,0.0,1306.994798719498,1306.994798719498,1842.97392724391,0.0,1842.97392724391,0.0,1842.97392724391
Frame_31,-3.755671139313659,-5.710052629500991,-6.868523458809025,-3.5741409384937097,-8.10055724352756,-0.6921633365426031,-4.212247125777307,-1.4693396410229276,1.7982692662292104,-1.484103424332034,-1.32084090819982,0.558431391042457,0.5508986838486823,1.6319069441105956,-4.739551425630017,3.029949336465857,-0.6746148401056247,1.6870131552235315,-2.3438372133114145,-1.0113290863082858,1.0740193543735537,1.2822300230189951,0.3638303731957382,0.8422750656361087,-0.12085727305169479,-3.261696402349429,0.7685364339584798,0.20091188429968543,-0.806172384257201,-2.1500967199602004,-2.433990550358496,0.7280409413963745,-0.44289996674668886,0.31365759892553746,0.7891786346169867,-0.3126817484746539,-0.8506148083293574,0.5380144354465682,2.1288664513078777,0.7956318011233725,-2.8401340686540797,0.960440059509781,0.18335537495561777,1.858231517502587,1.132531867997093,0.5449835323910632,-0.23886480517898112,-1.4083732473556732,-0.39223138150624476,1.2555876010882536,2.0,0.0,2583.865670761036,0.5,0.0,2493.8651302778744,964.4437817876593,0.0,964.4437817876593,964.4437817876593,1834.1292110030945,0.0,1834.1292110030945,0.0,1834.1292110030945
Frame_32,-4.555171635196824,-2.9098713482398817,3.526127520793002,3.289740569290658,2.674087339960366,1.5112323557644778,1.3720572412298762,3.0640218867359708,-11.188633463469934,6.199432209554339,-4.957022457021182,3.1780774046295566,1.200329983563384,1.5740047941242596,0.21790026762740095,-3.9495194353579457,2.5871577131814023,0.8692424314762801,-0.6158551980030964,1.1406165252571951,-1.4639685045365411,0.6120215560335096,0.42476505565334643,0.61656630039451,-0.24450374959373877,-3.1194591096490027,1.9537374023055272,0.27926969096090287,-0.5464550250734317,-2.2511409709275907,0.19199688695694694,-0.4447388754008138,-0.9264441465732893,0.5381769906693512,2.484623809753642,1.4466264948784906,-0.9759796589203769,-4.133121703779168,1.2004187910620472,0.09934151201302088,1.3909805032685867,0.2446852066335627,-0.8295280066876284,-1.6076464748205044,0.5612047267673188,1.1760421220924855,-0.3035109502369582,2.395577795358024,-0.01794422340912044,1.2008790364369664,2.0,0.0,2662.0870853319257,0.0,0.0,2445.6589315461806,808.7419958074256,0.0,808.7419958074256,808.7419958074256,2452.8351289450115,0.0,2452.8351289450115,0.0,2452.8351289450115
Frame_33,-5.5643983135855635,-0.4458406971413842,-5.380498602030488,0.9626791595476378,-2.8283583049548904,-1.1847578429223298,-4.4851363075513,4.008693854234502,-0.6939111127914162,0.3618186954682789,-1.337043851925459,-1.1884134123819368,0.3540037355262874,-0.9630372547195264,-0.5372240959587464,-1.2015615973971585,-1.8922486709951123,1.0850066317548892,-1.3702752166722743,-0.7546308910121102,-0.9760336186320453,2.1588192349717827,1.734218571800191,0.8001351403380037,-2.97506606928,-1.380288510315262,0.0008152204369918925,1.67135066140481,0.20109187889615932,-0.18244261484813717,-0.6830005215675756,-0.39343064976863956,0.9777392645582211,0.09305820986219548,-1.037987490381796,0.4943928717032897,-0.9385433674921901,-1.4109616074781477,-0.8664959924764218,0.19680951106560882,0.025179277311946302,-0.15111053792926604,-0.32585706881520704,2.0771590094177945,-0.177722211304362,0.4378422628929307,-2.1000294448244725,1.5165025966422803,-0.8032057582597008,-1.1003070267556365,2.0,0.0,2560.6167409679183,0.5,0.0,2450.8271615187764,933.5701826886236,0.0,933.5701826886236,933.5701826886236,1913.8236475360316,0.0,1913.8236475360316,0.0,1913.8236475360316
Frame_34,3.5998728749423936,0.9793985014974051,6.051978686625052,-1.9310752716961468,3.145792553616168,-0.8722215555436169,-4.826549440134886,2.5916835077859885,3.6228105070456462,0.6410271530096079,8.23024699675194,-1.077397032653018,3.19744029992595,2.6169202238196565,-2.028458553006307,-0.5647614699417669,-0.28694105670188597,-2.4763104601723454,-0.8982437213635099,3.843516110545578,-0.11107244635205116,2.346976430929242,1.5902496443488587,1.9128910663558396,-0.6705100007687739,-1.3592946077081565,-1.2771157315856911,0.5989308657730189,-0.053037822747060925,-0.9225441782024404,-3.0844900271295357,-0.9417267624512373,0.9285608775527882,0.3419309320335485,-0.3369941132687928,2.550307235477568,-2.1917125124866375,1.95054571271964,-0.2897036654434587,-0.713768098426187,0.2826431503208826,0.17196706648760607,0.8940922085957136,-0.7364032177667041,-0.8368410471635624,0.8862374408101128,-0.389161079282821,-1.4861658904804764,0.2406601190151274,-0.3068520048983767,2.0,0.0,2281.5227869013515,0.0,0.0,1656.7091670275386,1645.5742138590083,0.0,1645.5742138590083,1645.5742138590083,2466.4916025765892,0.0,2466.4916025765892,0.0,2466.4916025765892
Frame_35,-6.696421364352725,-14.167662484430695,1.6236847573149342,-6.241707347911339,2.1414117855332684,-2.4623491637690864,-2.653777563624793,-0.40862191960784283,-2.92916053578108,4.388928745410688,-2.29441292545049,-0.2998667073047918,0.9885104176694295,-2.29696735707288,-4.533380772748525,2.642292818070266,-0.1406885198695911,-0.94282131174182,-1.5010747065528807,0.803828941101483,-2.2855088118095157,0.32608833202348947,-0.5725376615176554,1.0999768666975207,-0.8070763193439207,-1.852462824309196,-0.46345318777907674,-0.13969671958828378,0.9875903647361678,-1.034753802333518,-0.39344291467412656,-1.2293839277119285,-0.8936829523136671,-0.9725592101363757,0.3570536820437613,-0.36481786119035614,2.1299662868770426,0.742499248229537,2.7167648844515204,0.08761316683538418,-1.3594960274675532,-0.2994621083365359,0.17278823532457094,1.1002251489433046,0.21494477290999592,0.4462178865052443,-1.7101337231420897,1.1902769636089403,-0.863385614944979,0.27872787779290364,2.0,0.0,2791.7847712454104,0.5,0.0,2485.5761825053814,941.6736234700506,0.0,941.6736234700506,941.6736234700506,1839.602363695516,0.0,1839.602363695516,0.0,1839.602363695516
Frame_36,-7.59820519111823,-9.202213701871363,-4.294278667140554,-2.305504922383216,-3.334797777511055,-0.8380507587123243,-2.004388275449168,2.0676677147281715,-0.42713735977936607,-2.0377468538497565,0.4839190391239585,-0.9990314210101039,0.11736218089743533,-0.5662758174603362,2.8963649254201167,-2.466949707226191,1.2628736453671183,-0.7462986580936458,2.6788777330622477,-2.6967307587924427,0.16406978062833977,1.0430197298103143,0.5556946371277862,-3.190112326806264,-0.22466717698960903,3.112535910075535,0.7945463352485012,-1.2417238109144293,0.6841117627947311,-0.015119330753979643,2.263273467446638,-0.3837222845402971,-2.5605650817708865,-1.2401014736700267,0.42816015321853196,-0.39492053347712053,-0.7353212341902886,4.888888761072005,3.3411771841327202,0.8465592435139339,1.0359490642145817,-0.8362027187489867,-1.2820240444903566,-1.5420341931111352,-0.5688441306501351,-1.8911807821735653,0.7734694545059855,-2.1397049021526047,-1.2890572525430353,-0.048121516869161274,2.0,0.0,3154.7255014506227,0.0,0.0,2431.755919816058,1620.390176990735,0.0,1620.390176990735,1620.390176990735,2039.7887635461625,0.0,2039.7887635461625,0.0,2039.7887635461625
Frame_37,1.2174748037737988,-4.0965891276304065,8.50728064227686,-1.6207696294637532,6.6021393826476125,0.6142282911085469,2.025228171683637,-2.713032659857591,4.160499242119672,2.649451515779199,-3.206955236790902,-3.5575873407390937,-4.388538763390434,0.3295394225076748,2.5146807108689524,-1.252541408184333,2.1245896777560223,-0.5582745076364845,2.508024294090447,-0.01534307440497984,2.0660124913712763,1.0846290951036317,1.0538254895779158,-1.0183895385847326,0.59733496593004,1.6680547154520347,-0.8089608063627763,2.2071998544138594,-1.5688793350481192,-4.101942320466516,-1.3176088935428198,2.650662784074782,1.949207604291075,-0.35469876875548345,0.021705248255928122,1.407578544419588,-0.8300715488901956,0.3641464005340796,-1.6023895132320904,0.2946189430545477,-0.4060233288188715,2.3050119944043477,0.4229107225877604,-1.3524192710583618,1.9789975426249529,-1.233548545208663,0.7126394588662333,-0.46719743124521146,-1.689019003710185,-0.30125126628448556,2.0,0.0,2231.086451401638,0.5,0.0,1814.3167429221348,1231.1344415566919,0.0,1231.1344415566919,1231.1344415566919,2495.220388988368,0.0,2495.220388988368,0.0,2495.220388988368
Frame_38,5.919176079069726,-1.8157359820555343,-1.3534901794958563,5.6496523417019935,1.1532975813128634,-0.3689884495974188,-2.5861947359471715,-0.05517684674663237,2.200221291452799,1.0133927551963078,-2.2070527133648814,-4.179256606492237,-0.731965499645515,-0.6980702783139443,0.3617618961143465,4.104824557414433,-6.0036850107791615,1.087771553262517,-1.7414563673500225,0.32265926521999416,1.5249751357849803,0.7961638137905024,1.546690035299494,0.45365878959697337,-0.4102366517604006,0.9160099238192513,-0.30369479246923364,2.9913841558151066,0.28493703636345047,1.5205812902009217,0.03380554787803913,0.9064765884224859,-0.3307788300639417,-0.8868340841955187,0.7988129552947051,0.08100931396180647,-0.45436200222000356,0.3069923587058697,-1.3659874247283628,0.6785851239567215,0.37327045619221044,1.9527654648038653,-0.33012975684216395,-0.44728633488171354,-1.32192174489765,0.01193380841513135,0.36360964950634,0.6753785050284828,0.1261947476504073,1.6051290449816262,2.0,0.0,2019.1155160183575,0.5,0.0,1557.1581839626772,1242.8320531911477,0.0,1242.8320531911477,1242.8320531911477,2441.2055339396684,0.0,2441.2055339396684,0.0,2441.2055339396684
Frame_39,2.447168472604435,-4.2717752343493745,-0.979705946909767,1.6729822869233741,-0.8427251774335115,0.8303105916343804,-2.5784788711672264,1.2478826788969624,-1.2902377744104265,1.3880410440289737,-0.9236796674308936,-0.1581027955634083,-0.9959029049821398,5.030228414132072,-2.641633082381621,3.8145459717840073,0.8462343736259458,-1.4239894632201995,-0.5782150482363478,3.0808004382394216,-1.6120601764108453,1.6809433636444304,0.263372516001066,-0.08787788033125211,0.32776485268124084,0.33567295824160387,0.6393440488884018,1.4167053824497902,0.871831226171786,-1.7970067698255754,-0.704754597559725,2.1750428387762777,1.4569953091097474,-0.5656427800780164,0.26795734941006,0.6330487093529565,0.34215842039044203,0.9348477419527822,2.806455834424968,0.9420642467068706,-0.9768792256518323,-0.08196444608221842,1.0131999467207675,0.331687407975808,-0.5326841129987483,0.20477876556332278,-0.689322328135154,-1.0979520980843827,-0.31755430745303886,-0.18033098271186224,3.0,0.0,2451.2717263224968,0.6666666666666666,0.0,1978.440789216265,855.359240820308,113.88724955997218,703.5262824253324,977.8109000139589,2412.13433058639,95.48944557508621,2512.34368927647,100.20935869007963,2283.633767117576
Frame_40,12.300358218121419,4.732520629330305,-1.125192519262116,-3.061879426700768,0.16624227184475715,8.04724173088221,1.4776636114055433,6.388081897320866,-2.1279100927799366,-4.556577440236813,1.0000627247951832,1.1669721719145592,3.3617891686994836,1.6032634767481921,-3.9996464566062677,-1.666010851439391,-3.5109639114656934,-0.6275633197865074,2.7326783568059487,4.711415023429938,4.410510908471986,0.35325093555837983,0.3947563860694556,1.9231816416426324,-0.9616696277165918,-2.0456015076427216,0.048227074551937754,-2.4684034860927477,-0.7072570988804731,3.364414779464109,-3.6639465860398612,-0.7135796409651073,-4.924384326478227,0.9329850840824641,0.5559921497488114,-0.6043657622490065,3.6120317681669065,-0.6601975442005973,-1.6260902321104183,1.409028754332481,-1.2692750950468974,-2.245609168344258,-1.634924693794606,0.9283686036908776,-0.30117369196910143,-0.06359947354568452,0.27492210648768645,-0.032803161115272206,-1.627346240684012,0.4115182013644669,2.0,0.0,2172.1356207228555,0.5,0.0,2161.5682266093763,1069.7226604237121,0.0,1069.7226604237121,1069.7226604237121,2047.56062774132,0.0,2047.56062774132,0.0,2047.56062774132
Frame_41,-4.425862370629294,-8.62250460735584,-5.856759208497943,-1.623369658342681,5.191610178651521,1.0297833663651306,-5.5641307434013125,-3.838988550929471,9.102297794478002,1.15499133634456,5.679409099381916,-3.6313393811613963,8.174016027218382,3.508591415885832,-2.034717559418307,-4.661945562573166,1.2770229899987644,7.249990992860608,1.2885769485048975,3.8415276090897708,0.9861001870010424,-1.9681896027111407,2.7362100588185543,4.461207074658706,-2.3260373771291496,-1.5652278724328004,1.2070022682918675,2.72368220044595,1.0424741488137979,-3.015157845217799,0.891364562208556,-0.20697051119765458,-0.1050703650840158,-0.9750746448199457,3.53228667143563,-2.9426825246404897,-0.4651146759305103,0.8410291015680673,-1.2571879488796727,-3.6797194273587754,-1.0970975429563892,0.45089390185464084,2.6521493280535706,1.071673009968649,2.1483484610998422,-0.5383592633408062,-0.5276500421705032,-2.0118450987586685,-0.9479853051860865,2.182495193816675,2.0,0.0,1843.3444985438036,1.0,0.0,1843.3444985438036,312.57786826351935,0.0,312.57786826351935,312.57786826351935,1545.5840907526065,0.0,1545.5840907526065,0.0,1545.5840907526065
Frame_42,2.4173487036304317,-0.5497020768932979,3.530118095500907,0.06360054874078319,-0.20606296725955747,-3.526018061031267,3.434393228736222,3.8669429196022174,-4.966166851998219,-1.9222050427461186,-8.147001842209068,-0.030817571144633404,2.6593967427199674,-1.825684863726145,-1.34625925221824,0.37127461164454917,1.489533754614261,4.60000419722085,-1.2237310893987043,-0.5383325602696195,0.5796353118150428,2.0825521889288012,0.9123680390967583,-1.167859875273401,-1.6268233681614985,-0.4022442524730823,0.44224826728158373,1.7480635842460965,-0.8404577503663729,-2.62854996714432,-0.5031441976111171,0.13574228855406362,-0.9899124872589969,-0.9075261586074753,2.7178006079147177,1.9559576710069317,-0.16329470854848394,-0.07351787209720984,1.2698886116207535,-0.025022767998668427,-0.16005713926156706,2.0261656869162943,-4.13131061855122,-1.3121217350698267,-0.48119801107293153,0.4418197142182655,0.923114948448803,0.07322823754162108,1.570904129966085,-0.8068839019012954,2.0,0.0,3475.613237234747,1.0,0.0,2827.230803722239,1496.8451247419798,0.0,1496.8451247419798,1496.8451247419798,2470.094913398971,0.0,2470.094913398971,0.0,2470.094913398971
Frame_43,-4.401029420295321,-3.12352815811813,-8.520180318006947,-1.680266754417644,-8.072918907931616,-0.9828799273737225,-2.6723625486833322,-2.449172921421605,1.1592403693972129,-0.07535794506623106,1.5259051300631365,-2.7572841599967424,0.0005591735737167092,0.27271532922322894,0.030041830055847152,4.7042184129972595,0.389968591904231,1.7148609780506792,-0.8824601326029153,-3.1502038182712244,2.2956308990331675,0.8624636054059251,-0.21589666892229398,-1.44787134580883,-1.466523886843123,-1.4582972228031357,0.22443326391877,0.7399657321114796,0.3164031679698296,-2.5167605602914547,-2.3786901929732274,1.9541975236705258,-0.29925731284081514,-0.046941816945155646,0.23448490374900613,-0.7113498195281077,0.13425416184720207,0.029537983764769127,0.8634525493301624,0.6189149408734446,-1.0812126356036227,1.0580169805537518,-0.9911807819318927,0.5569166608546727,-0.8083274361701716,-0.16757957493043985,0.9435464338159331,-0.6788007538278928,-0.42670701270223654,0.8309141946920315,2.0,0.0,2531.2236823346257,0.5,0.0,2420.7010689255167,1095.3187908183838,0.0,1095.3187908183838,1095.3187908183838,1820.7723990239729,0.0,1820.7723990239729,0.0,1820.7723990239729
Frame_44,-9.68196449943524,0.8674559896536939,-7.527370880133766,12.15971545876834,-14.9600637900755,-19.130873707231785,27.645840863930392,19.27340901758625,27.18187165083532,22.950176452541427,1.1487497999080687,2.0135897439165555,1.9369925007168276,-5.643302281998097,-3.3472748494481914,-0.47852822218878066,-4.291347649441638,-1.074232326641327,2.525162523547889,1.1526078955522097,-3.5726341213228157,0.14725939182018288,-3.9386755238528464,3.8107607835220314,0.8754645500643732,-0.5711909512719321,2.1799753863229125,0.05701790252446337,0.6746603601776661,1.909338860186208,-0.8503226434730455,1.7107813850639135,-2.9036832147970104,-0.7719838599815659,-0.4118606412712073,0.3403349223463576,-0.7391021515035722,-2.404119918992342,0.34373224091744636,-0.6117997479236116,0.2129405438350111,0.33743902446528307,-0.9413488428257706,0.7990824855945502,1.7939026424855853,-1.8058332972361286,-0.6489172131064702,-2.2799463010364485,-0.7382833408492169,-0.04294822874021409,2.0,1.0,1201.5568253270694,0.0,0.0,0.0,2200.3563135855334,0.0,2200.3563135855334,2200.3563135855334,2479.185191806356,0.0,2479.185191806356,0.0,2479.185191806356
Frame_45,-6.525243855647847,1.3522387215168516,-6.27372711830772,2.1283148369741114,-0.24658459480061717,-0.31461042101078807,5.906777866603888,0.3028015817694496,1.3659024619983975,-4.114616678071187,-0.6920843752113488,-0.8821380434109239,-2.5439154676108213,-0.23550687529079228,5.871694807320788,-2.2901057004678007,-2.047396902710444,2.6382598178273193,-2.8020445275903683,-0.8402190907431959,-3.9286452691948677,1.3622881211412063,1.9627822618503645,3.583686823284956,0.7203122488604057,-0.7418477511451458,0.2995631551903341,-0.7325366243539415,-0.14070499491740435,-0.9427006106358629,0.21151274195763353,0.30107794736458415,-0.9858841255815696,1.1913436075359458,-0.3348107128381542,0.085812598303318,-1.193315771267864,0.858709028916607,-0.44970327146023825,1.7871116215752938,-1.1329838739192246,-1.5713466761324453,-0.5692223847307751,-2.0362533208985174,-0.2817847427523136,0.05202239302327147,0.5711402258828704,0.41344282028387,-0.4496071889481919,-0.6409817102105875,2.0,0.0,3025.5033319745453,0.0,0.0,2300.354160461013,1699.5375820971735,0.0,1699.5375820971735,1699.5375820971735,2352.947429922118,0.0,2352.947429922118,0.0,2352.947429922118
Frame_46,-3.7513552363543656,-5.155701927286881,-8.412230053920286,-2.5033536933520883,-8.169469701527795,-3.1174789441783846,-1.1052915646982755,-1.1240275793996974,-0.3931622503652836,-1.5529385554469377,-0.3286216975996523,-2.4249004678870922,0.9857923585626837,1.8153172415615122,0.9443921072591439,2.671595516084605,1.1819437125146046,0.7112303472533219,-1.2538104022989562,-3.6936245635496534,0.48337827645811415,2.939305677996178,0.34445796623556046,-0.2631662680138586,0.49586913006987576,-2.7372119421519865,1.2447449531573218,-0.23957466543743977,0.3512795274590981,-1.5875651896961553,-1.5763821171537455,0.21279499318141978,-0.11688868732983537,-1.4050061070096205,0.5036521669054388,0.7133118059029961,0.3495202467353862,-0.010047193756954273,-1.4024888956766781,2.042224149207651,-0.007505507440736192,1.4094361125120907,-2.8962831320700175,0.14638364335092552,-0.3441902738050489,-1.0775703862486679,0.16945996845893113,1.2814657070384894,-1.4948226303144554,2.3298280506762428,2.0,0.0,2465.0153173277945,0.5,0.0,2373.417527302552,1145.006566429066,0.0,1145.006566429066,1145.006566429066,1877.13643096331,0.0,1877.13643096331,0.0,1877.13643096331
Frame_47,3.4175402168794644,-0.8822056409346947,-8.049537583361703,0.2000998417091422,1.668622193316681,0.05610145007722611,-0.39082976492110505,3.2838570553750563,-0.2684285525956535,-0.9961091924485119,4.629612295688379,-4.7369537594857745,-1.4850764357597488,-0.42411971098714507,-2.43201706579555,0.10328610068393902,0.7410287091420248,-2.0658803184448438,-0.045637551984133884,3.0566498446309756,3.3148567617092746,1.0802455814564142,1.477362036204546,1.585409308207824,0.12848409711368933,0.31388345524816863,-0.7716351556205305,-0.04384933509962946,0.8409634583089077,-1.2139573096635552,-0.3027724783022296,-0.9764183455825197,0.16997881724089017,0.326477085176637,-1.6605574607773572,1.542295564400928,0.5314203658539238,-0.6611945756171828,0.11983974177803869,1.0242101683722682,0.2542982731026409,0.4552964248035296,-0.0753878452146614,0.5684873285864974,-0.8042074856795599,0.44604171588550195,-0.15049739624050776,-0.035185234521526075,-2.382424988812721,0.4853743481250774,3.0,0.0,3395.2210654711266,0.6666666666666666,0.0,2441.9437642298967,1612.3561769400776,537.8355055027893,1146.413602653477,2365.9748347379727,2399.1407068829053,170.57082702304982,2530.8463465717746,131.70563968886927,2158.268376975735
Frame_48,9.805984307775333,-9.707500203036233,-5.177057750717282,-0.013621009240470716,-2.496207723807282,-1.4587388504881988,6.468059226051743,8.566106880268736,0.04130819337205871,5.0009425533682474,1.1951106005353243,6.789875809075864,-0.9479625892311715,6.414583632333459,0.020601667241025357,-5.694695743530451,6.900762753496568,4.307390819862309,2.9192715700418304,-2.762245059652718,3.1330752125613754,-2.181062305226346,3.2306720387202503,-0.5292923906427541,0.5428397301371332,2.205197574685636,-0.823503555545549,-0.022327953046342497,3.695965534651949,-1.013768436538465,-1.4980566590350646,2.760485039561804,2.216746170469535,-3.9334891839857034,0.9884449179561434,0.3342485795735173,1.4844649320104613,0.7420484163724659,-2.028126255515909,-1.898243331654689,-1.1329703806337312,0.6919560186230919,0.20197283336147928,-2.928444926046361,0.5872553747848055,2.773833478446539,0.9836835699622865,4.811697909162173,-0.6831450706122886,-1.9825625588542495,2.0,0.0,1346.5657799679639,0.5,0.0,1106.0537359808445,1054.3131136467532,0.0,1054.3131136467532,1054.3131136467532,2381.241308314928,0.0,2381.241308314928,0.0,2381.241308314928
Frame_49,5.257586182260077,-14.641513377790002,-0.9849984328746917,-0.4512625178387173,5.5201466639739944,1.303553331606381,0.6769017471986531,3.6050666179724713,1.0272958476100083,-2.8561934429787943,3.2811242970699634,7.060001851797989,5.76209989335834,0.9841942801820571,3.4216029088435382,3.911012405040533,-5.459958874970391,0.03526354034951118,-0.6920782008103361,-0.009307335362482905,0.9087587549342886,-2.765679564399858,0.38451833172185235,-3.3561326311365143,-2.5978970331506526,-1.0702120761455254,1.9396291361158262,1.1617744715205292,-0.2230662147356952,-0.42284836255225633,-0.656822297430823,-0.7913316548507802,2.3647306868846583,3.7876761589775447,0.2769102576966435,-1.6733360191964899,-1.2610841499450807,2.01810926733437,-3.6873505674524045,1.1427463524505392,-0.25644313637061034,-0.41508441459936024,-1.3075140171136954,-1.082908832285741,2.2900577281787617,-1.3872743347109155,0.8830860275456415,-0.9073477750194747,0.017001646263984593,0.5867161269588014,2.0,0.0,1466.4401607658147,0.0,0.0,1265.1089855775126,808.4018258066396,0.0,808.4018258066396,808.4018258066396,2314.6064186115095,0.0,2314.6064186115095,0.0,2314.6064186115095
Frame_50,9.536553480450145,8.982359321429243,4.375490936377359,-1.3662927366639168,-0.7385603930399215,-0.10485532321320234,0.07900262564298133,2.7264996120138023,0.153869392988768,-2.629048907335277,6.1945827466487,-1.3191920828832249,2.0454680630900173,1.6123247589222043,-2.8231389223306134,1.2788229776262048,1.9201292037742161,-2.763699395089124,1.8315692469572427,2.0560713896530585,0.4348145326474201,1.7886415736182093,-2.5974398830853254,3.9884918284792006,-2.9171221715966844,-0.8540181989299369,0.5356924163489047,-0.36906152995572494,-0.041603236659531806,-0.738188879667165,-0.9423628697456153,0.15258374729286045,-1.094528115067408,-0.6300893697765986,-0.09337028230484551,-0.3409094448054107,-0.47852841210807595,0.3119680371623399,-1.0771951422534976,2.305312755817689,-0.959156012877306,0.717145247709043,-0.28254720180955784,-0.2788828611049064,2.5096911376946993,0.48987913160281216,1.3170195967295484,0.07190774949910408,-0.46034974757360725,-0.41143163690089424,2.0,0.0,1931.9093653271864,0.5,0.0,1865.447158901362,1106.6685372967522,0.0,1106.6685372967522,1106.6685372967522,2456.3366599819524,0.0,2456.3366599819524,0.0,2456.3366599819524
Frame_51,13.821847607252007,-6.307073099076467,0.5133870896913972,-6.285202141101474,2.559288078715,-5.246431957248539,-5.671224671288666,-1.9680541884659681,6.838921474156882,0.3451848459033766,4.413152490198422,-1.057697642878738,0.25817419024277166,-2.2736897889110548,-2.53104097950225,-0.9875454399203445,1.2369733785224637,-2.554279499401312,-2.2389485741905966,-0.894479277150678,2.766389883249157,0.4682100900006816,-1.219692190214365,2.3613379437234374,-0.15426423948724033,-1.5531469604382173,1.088022129226164,-1.6502616397445042,0.174738476258123,-0.09188130872910957,-0.6477932605883092,-1.066706350670068,-0.13217970888950126,1.8503006571657252,-0.13502258630185004,-1.7956461442598888,-0.7686829964963864,-1.281617431855825,2.9186211427825195,-0.9106811332513233,-0.5327024187312283,0.03849598848137736,1.963399735240996,-0.08987262298252707,0.08300988687910382,-2.0789970965678672,2.3627967709012716,1.7740873819625564,1.9886120000709537,-2.2749503105907594,2.0,0.0,1980.3921514524231,0.5,0.0,1855.4601179859505,808.9787017867774,0.0,808.9787017867774,808.9787017867774,1983.8967885025372,0.0,1983.8967885025372,0.0,1983.8967885025372
Frame_52,5.444097344458067,3.724366333113769,-7.766029833603193,3.9121758051563984,-1.4211612888560856,0.9974326184443827,-2.39772068754525,5.067003291186168,2.203592627353606,-4.541305370052404,5.250577774377309,0.3137612836607607,-1.0699149037054327,2.4012734646928533,2.1225681270233476,-0.5356047676340173,-0.579674943917277,-0.5548800566141842,3.0584278178606414,-0.557150608378934,0.3087673056994475,1.4623828531106688,1.3220237100928571,1.7964304795728918,-1.0665002627564406,-0.45069967446164383,0.9440962845151595,-1.427643233642418,-0.586691913709219,2.1724578450878234,-1.7305197950450206,-0.5323477704734038,-1.5517421273826524,1.2883918795148777,-0.03366832358301303,-1.9413426114478578,-0.5819204135050456,0.4063341328275802,-2.1187756816133145,-0.37998071844629966,-1.1325079239240257,0.10901983726480899,-0.698400028700111,0.6305271926214224,-3.437662860765997,-0.4223362479099739,-0.3374735291993908,1.2200368566896975,0.46104392590793253,0.7123168991497437,2.0,0.0,2295.932090120228,1.0,0.0,1978.7701407862041,966.3883040974605,0.0,966.3883040974605,966.3883040974605,2543.9592980091256,0.0,2543.9592980091256,0.0,2543.9592980091256
Frame_53,-8.06430838822388,0.6212984936782581,7.030265459659321,-8.48098085886015,7.017725178871515,-3.5483382840204833,-1.3267746925528892,0.2544808050114143,1.4951948138580198,0.7624786505273605,-0.5353360590912177,-3.2466073463270537,-0.02088298703342044,-5.202042598921838,0.6096306849503235,-1.3410244698257612,-2.0236159270638603,-1.2406223950639774,2.5088432848086746,-1.5790882954412926,1.244716875105912,-0.93635954795428,0.9670256363678377,0.6403546922909448,2.067837061590509,2.349790671539678,-1.2298926624281832,-1.4218645872770572,-2.856475490868439,-1.2780145299759569,-0.12880806695642152,-1.4097809832857262,0.39559121124656765,-0.4765481085571968,-0.6964663902850191,-2.634352323758979,-1.7623836169511247,-0.7999289283869904,-0.14916205159595108,-0.43372810106464876,0.33153185268566326,1.5517633279191863,-1.5872760992841408,-0.32517944562324913,-0.12553784699649959,0.21864275538003777,0.6533369764550196,-0.28384485944751325,0.011061856956317432,-0.20477328602060782,3.0,0.0,2455.3136426875753,0.6666666666666666,0.0,1643.055310269097,1380.8826079505473,95.498126133116,1271.240466773575,1503.9956165771464,2180.295472052439,19.41791686329448,2200.1626415790333,19.867169526594353,2153.943759374672
Frame_54,-5.945505438719088,-1.1505969745721565,-9.048235984044199,-1.605377511957091,1.8661439433339666,-2.980453506774475,-1.3558945497026678,0.16701380037487068,-1.3881456162932297,1.3804262794247952,-5.735906001128998,-1.0598050642734134,-3.458178210537289,0.4042557650627033,0.3392039374270073,0.8677938587444722,-1.7978081491246123,-1.264117256447535,-2.7463955568530487,-0.6060435865816404,0.03199146882813667,-0.37318117117030214,0.9630673304718532,2.2766779255403766,-1.676336138587874,-1.7223961520764375,-0.688959988478106,-0.8601934536707317,-0.21567971571643932,0.6332437212320556,-0.4429570193196814,-0.06452906563895004,-0.42408471488232297,2.0058323720056985,-0.569124263651078,-0.014464782910914428,-0.8506946250407846,-0.3046394526846833,-0.7432683037373163,-0.8401387516743929,-0.6286914695382272,-0.28308140818807787,-0.09274075000258446,-1.2432166083365221,-0.45337686808950867,-0.045568207788179084,-1.0160302478603447,0.18423406626709493,-0.39673415522900274,-0.06258443193166374,3.0,0.0,2541.3947239639097,0.6666666666666666,0.0,2348.7283668975574,776.2022505652185,221.43925585659372,600.9801567086054,1088.593032834283,1813.8491507681817,215.57279145836276,1974.3593292222467,160.510178454065,1509.1284637645426
Frame_55,-6.143435076050925,-0.5516377864334707,-4.693392500029682,-2.306423210392014,-0.6300392957644816,-1.6274057582278216,-4.2287593928718294,2.508855084879914,1.1583820273812502,-0.9832577575973831,-0.5972011536782026,-2.787114475171289,2.2400744107987354,-0.4785729399525327,2.155273586488958,-0.6085848221487667,-3.9854732312150234,-1.378702766451537,1.2991325330839258,-0.6777096240464588,1.0476082715495576,0.837713097380177,0.19055163068667919,1.0931030657912866,-0.07080106408243594,-0.2679728143182019,-1.7675944794211391,-0.49350630223093683,0.3027147781250975,-0.42162297981637953,0.48725222889066033,-0.7182083046971721,0.6379093821827262,0.2929939419903421,0.06526718763259734,0.8792596568749272,1.4650149732694224,0.5779623013067643,0.266948927294857,-1.0941713590647404,0.7945394287542256,0.2984314062079688,1.2866906900965809,1.060679639667386,0.011922292494833037,-0.7280834863499293,-0.5103564952723467,0.15974065918324082,-0.17268769197749095,-0.076452452953166,4.0,0.0,2404.9584598629954,0.75,0.0,1848.0590776572326,976.8599603069997,242.11620861572962,652.726248928087,1299.1892239648266,1860.121387914199,174.40582637686023,2095.218805391424,235.09741747722524,1571.9045877767726
Frame_56,-8.086686066826752,0.7421272802428748,-0.6350754013392246,-2.2840707981714727,3.8560098734303896,-4.013124381919905,-7.39954086617753,-3.4524089493333108,6.305913029778811,1.9958774402664556,1.25578591014824,0.5533396510690516,-0.28203584351881694,2.676214899787828,-2.966871611960725,1.655294117523869,0.2604723585416333,-1.027959411667756,1.3441522104190802,-0.34450392743702585,2.5018803616631082,1.7553965239620544,0.6830606476446702,0.19396246391270588,-0.3333171220913158,3.3584643064757866,4.798422181101281,0.9427604332590476,3.610408891522387,-1.4933629047661172,-1.4161092909353616,-1.9521269670597672,-0.05671685240176527,0.6088226213740842,-0.24243651926002707,-0.3659991345745134,0.20319146000272154,0.6644841142107392,-0.5715895268793211,-0.9331472662403708,0.804848154142436,-0.9629270535426386,-0.6229902974149886,-0.4081443860485857,-0.07871034199019097,0.669306977386622,-0.30234219057539735,-0.8926877906505382,0.6959183799195355,-0.11722261242310479,2.0,0.0,2437.8501536443314,0.5,0.0,2324.384305193656,822.9981810264934,0.0,822.9981810264934,822.9981810264934,1704.1834631584575,0.0,1704.1834631584575,0.0,1704.1834631584575
Frame_57,-6.5497031891631075,6.472048218489181,-5.235586081750192,-2.154570109147983,5.437188720882285,1.6145399899699069,0.735845048013898,-0.886400893739045,4.280130059046985,-2.236000492702188,3.207815087956147,0.43613471145752314,4.0255145753448955,2.9048013115164615,0.96586551079894,-0.7231133687605061,-2.533966587790188,-1.858820518118992,-2.1210405894815163,0.8613968893916656,0.6782686569455548,2.2313222081343143,-2.457505004205286,1.6298865514314078,0.6847255886308178,-0.27851552362572385,-0.6035744655974354,-1.4182278170814622,0.8653021412782761,-1.5626682076967997,0.6107296702320107,0.2382797405319889,0.7739634734610815,-2.060503004128755,-0.4780892824304998,0.040789601568393064,-0.6640473800103025,-1.684965091874579,-1.0815827862824205,-1.342106320746913,1.356625614729093,-0.4877128251584821,-0.11588007424336196,1.116885288544583,0.8215822556928241,0.26854763967312395,-0.7079268776896739,1.2739684062716201,0.45861599027722666,-0.12173100009667685,3.0,0.0,2138.3004331709976,0.6666666666666666,0.0,1845.0843350726855,778.7710249742908,100.72071266483314,636.3438465766176,851.67785952625,2290.4648348852193,161.6310562398811,2414.803598817354,124.33876393213495,2062.187652531268
Frame_58,0.6496691618264006,8.921938744399071,-4.842665481445911,0.32151117816675967,-1.5013579413948652,-2.0950681228430907,-0.7957213398353886,1.5147678067224475,-2.764723630105949,-1.704352261801822,-4.889122830099331,4.236738950508167,-1.7339196548359226,0.31432387855910404,-1.441801751805364,2.200454330278915,0.3475566121240625,-0.8809112196119945,-1.311908259143753,3.110976266315182,-0.4529487763212582,-0.2593201829743574,2.0188973864389403,-1.6050991502164336,-1.3863364412488894,-0.9350070451573774,-1.7969723385054894,-2.392710574912625,1.9508574016228963,1.1447075325374914,1.9011584038788034,-1.2194839066478007,0.47164105560436714,-0.2727999531702761,0.5992612846310721,-1.2913852294464778,-0.6923965301850888,0.31205347700020925,-1.3249013402579906,0.7623001602185389,1.5551436980989322,-0.19443493324751016,1.6515455399481387,-0.9903711001798781,1.2208251924164748,-0.789841011788097,0.20478153172290647,0.4921282417686451,-0.46959076397454214,0.226822464342614,2.0,0.0,2033.1717644615633,0.5,0.0,1745.7352252105263,1046.916794367333,0.0,1046.916794367333,1046.916794367333,2535.548638254971,0.0,2535.548638254971,0.0,2535.548638254971
Frame_59,-3.3104208324320035,3.6594848142297196,-2.8507089964494323,-1.4953333040582362,0.3272053442733487,-1.535582715247226,-3.79478158849037,2.647334240477923,2.469634656610034,-3.6072251913972337,0.938415845845746,1.356508696975512,3.370476221276046,2.8457297761363436,-2.1409887919126995,-3.116458829618171,1.7261358749892814,-0.5674382835793104,0.2954927890586769,1.4750041607563658,0.4508395554191907,0.5206870904753518,-0.5217431701761052,-1.6728987360569858,0.9020211856837794,0.8753683638309558,0.16200831528047674,-4.06548147106821,-1.4945870963832268,-0.7824409150317381,0.7875991384601276,0.901960978715508,1.7396279487149358,0.516270134504952,-0.4966053122277401,0.6347952023236362,-1.3876630776855547,-0.8020287890741581,0.48094577646301545,0.5982987643578443,-1.6357081789171974,-1.3461195672536548,-2.0428215634753397,0.6688878981989168,-0.8605133907107216,-0.7642984924999192,-2.2115874112091984,1.4924566653567932,-2.7207111716194317,-0.358425276787173,3.0,0.0,2327.9435162923105,0.3333333333333333,0.0,1887.219439813546,946.7050768148129,232.7727331519387,672.0148622047889,1241.1605989453853,2479.2346644835557,32.89262528084544,2510.7109999339646,31.476335450408897,2433.8347802409417
Frame_60,-0.9587834790523122,-2.6922800563567466,-5.228414816012733,-0.7442846414547177,0.38873315865383806,-1.3486443165225452,0.1721439738426973,0.5691636158363985,0.12515464637426266,-0.6551275524451646,-1.298948378853209,0.7723418751186973,-2.5823374349782933,-0.745450322901818,1.8123272179230199,0.3038339230383745,-4.426277822273886,0.48888313490546,-0.20461946353437516,-0.7430631929111666,1.229753917160516,2.169827893241404,1.4333132993373021,2.071517715285556,0.7258071221142546,-0.9988006000875437,0.4271796106156842,-1.4013090106308015,-2.212225162743465,-0.3602722522204214,-1.5028438931044898,-0.8271965177761021,0.6151587819185802,0.7684552504208696,-1.1834353826561246,0.4789246052070697,0.819721682346022,0.9131746668227514,-1.4016160049343669,-0.12787808945749535,-0.35442115710995575,0.08755186810478888,-0.5176646946132353,-0.7609466798728931,-0.04118188619693386,0.7573903848317658,0.4600370991003129,0.8733602884284226,-1.0607864818455066,-0.2469790747954927,4.0,0.0,2305.7637517398916,0.5,0.0,1624.2369266798864,1046.300107605768,327.3562978425682,570.8791884301554,1491.4901958213309,2135.42569995474,372.84947089344814,2507.7171373309366,372.2914373761964,1691.7743320849154
Frame_61,-1.354033642674471,5.52102332223663,-4.9336561919238795,-7.553068242290549,0.448933343810171,1.2265371839320238,-1.6715813714123315,-2.595251312559973,0.6906628775739702,1.2425742387520404,0.8575470404811106,1.7976965379427519,2.9387494317297964,2.4574030699649945,-1.9079290908476694,0.09679811847577231,-0.7662923699550316,-0.3681490229278927,1.4313742148480062,2.3308019137240605,0.9830506150314143,0.35183564484787583,-0.09787264099401087,-1.6671133225941261,0.2437743268265268,0.8850223058851326,-1.3798792487723481,-3.6855297977600725,-0.6276236273533659,0.3030225231668598,-0.5429820369042414,2.0481513980927017,-1.030242275075293,-0.026400357594506874,0.5281225190673605,-1.4043158277833683,-1.6148734526725672,-0.4707464268000938,-1.2159049728940048,1.643524855679409,-0.7709346393844337,0.8585658013103016,-0.7348940628502619,1.1797193279256126,-1.0795780263826569,-0.3895320862188915,1.2845360682430376,-0.9415906820751679,0.16459202213888172,-0.7349335127732012,3.0,0.0,2442.6345158265126,0.6666666666666666,0.0,1889.3163765291927,905.1051836685028,223.00187032553188,663.3850275990064,1201.3883954836385,2278.0202668568586,163.21180999097257,2404.2979187257115,126.2776518688529,2047.5565821606197
Frame_62,-6.361665528185337,-8.228256151517453,-1.0365724484898746,-5.949712314752118,-1.730646846989182,0.2737603548203802,-5.42831919704026,-0.02965071697379673,-1.1876402285046699,3.728916613674447,-0.179152137751258,1.5874304309651976,-1.5109422831692523,-0.07312446722110541,-2.9090988178420525,1.2966758641863256,-0.3642344143790955,0.7457609441763721,0.888926646689523,0.9390184154667123,-1.4038432571474562,-0.8502455622359416,1.365242892885405,1.8062451321366095,-1.9094443562857366,-0.7258568549389458,-0.10596263565291514,-0.0946091467853753,-0.18544199229057495,0.3355474970826534,1.3538024946188418,-1.1798961144072255,-0.05330781028325968,0.365248940485169,0.46486191016065204,1.6857018985764562,-0.023292056705909336,-0.27770182150256584,-2.11651317434764,-0.4544483927577905,-1.3960148112188522,1.4475597905465802,-1.733395804785967,0.36431099572915326,-0.12095143548695614,-0.33005581408715035,-0.9665205106330085,1.4226646954644049,0.7273482565920072,-1.2433136642623794,2.0,0.0,2646.052781720432,0.5,0.0,2493.046215838665,1116.2227925352252,0.0,1116.2227925352252,1116.2227925352252,2074.3492349375347,0.0,2074.3492349375347,0.0,2074.3492349375347
Frame_63,-5.1969863925918665,-8.396203357252984,2.5708441005062803,-1.2920601849926847,-2.0402138508362273,-1.8453054590824454,-4.834023458440959,-1.5071529506423165,1.456002295976757,4.083834869529971,3.554513607695831,-2.6282228255222453,-0.3643020122040828,-1.9885909188012814,1.781214242757784,-1.1209072626813825,-0.012582048290208222,0.5320623012985372,-0.14893375705624523,-0.907577771291006,1.21714684352436,-0.7690408715214159,2.2493094755028022,0.24129905244846572,1.246417913391684,-2.590230346313272,-0.07186978248135671,1.3056130841898974,-0.16093387808121454,0.5087993233387494,0.5659091530655886,-1.4854176960390537,0.5358807344301701,0.8259583480876588,-0.5513236088650109,-0.27751957372308844,-0.5989096156195232,-0.5187004032092465,-1.4924780174927406,-0.5560502040905076,0.08068663249358525,1.542581101982347,0.9242722841128855,0.4485263049817229,-0.4075629055836203,-0.8831817583715527,0.00484582601173104,0.36722044584477603,0.7790749876521103,-0.12206428119730721,3.0,0.0,2979.0195425423867,0.6666666666666666,0.0,2595.453521499484,1446.9402022438026,217.26681202343977,1229.190539766372,1743.5545199483831,1928.1190776496394,178.00240546684452,2106.620401906258,178.50132425661855,1685.1471012641668
Frame_64,-0.01620024132933695,12.73699435018394,3.7209677722414862,-8.124764106822719,7.650596769504794,4.516362712486409,-2.3124564936332375,3.234892444593286,5.182878004286971,0.4836469807571543,2.3166945162979893,7.298557982566116,1.4392474352841662,-1.7158590224167596,-1.45493459999842,-3.7191247108041736,-0.2603050065739061,-1.0241738682118964,-2.647198281316093,-3.529544692291547,-2.1889472521321434,-1.376229302760054,2.7829779978049225,-2.357215243266064,2.3209652463604966,1.755939470586844,-1.100193537591682,-0.5201049523253612,0.6776021572254765,-0.7948099211466313,0.39225953775698885,1.1496546951219337,-1.0686868471811948,-1.248482312778447,0.9128493475139011,0.7033468966763801,-1.2671702878420565,-1.118957718689456,0.9904952438343231,-1.0993816126478881,0.37143500456439094,-1.0009946538707468,-0.6204197321072485,-0.004904342690597474,0.2764908130148401,-0.726138535265964,0.7247764211131139,-1.0098864760741284,0.5224028087057813,1.9471288094412964,2.0,0.0,2685.411263221468,0.5,0.0,2424.6347938990893,1863.809983183372,0.0,1863.809983183372,1863.809983183372,2488.603657980844,0.0,2488.603657980844,0.0,2488.603657980844
Frame_65,0.10492720456902802,-2.5829300995991145,-1.952865402874653,-1.967090185978177,2.7001097368144023,3.095404461245155,0.3831738368336243,-0.8374126571734658,0.09290459582884977,2.2034599010900537,-2.0152728606053616,1.3678279336983477,0.5627479082062704,-0.8293081131821918,-0.1385340509693224,-2.054718809041805,-2.2275069813685753,0.18844032505190267,1.0289869538869203,0.8189246520105348,2.543121361371898,4.132203301390733,1.6027559235192421,2.0051634946183006,1.4240838720380415,-1.0503943183654367,-1.2431198197732753,0.01798881390003615,-1.7505877260860605,0.9813866085007797,0.8814801862535331,-1.2767739117751327,0.9074502450349209,1.3114357886453905,-0.9197624410175805,-0.7006529969344137,-1.424340042174899,0.6873139209473696,0.1038276420407213,0.14383901897507584,0.13165374456414627,-0.712957821452411,-1.3297078312190482,0.7177473921164486,-0.7740150288464094,-0.6374899680170267,-1.2287583357969603,-1.114591215226835,-0.0015809244099522224,-0.3160463352426081,5.0,0.0,2779.697791740056,0.8,0.0,1388.7805649412057,1672.0762866975729,622.9276384600737,1011.5368111260731,3102.914105438774,2274.6750836178408,203.0485443297138,2589.5685231852904,314.8934395674496,2021.148925021321
Frame_66,-5.65440095673723,-8.496866244129583,1.0611636781982225,-5.483117992692622,-2.3465160901839157,-2.4265829747759824,-2.6530193829342728,-1.2890377542628124,-0.5868892082965054,2.9394786540963658,0.8583644952954231,0.1597892422591911,-0.7175074007178329,-1.1408241950948217,-1.2605591854519358,-0.3300512694564565,-2.0431307775194334,0.4613244455789909,1.343476964069147,1.3839005950245105,0.6642675209806536,-0.3980310932526283,0.4438199700731913,1.6394271494439856,-1.130382806760183,-0.7567192341477416,-1.458446756730164,0.2958122549257302,0.5016968198480268,-1.7560458903643577,-0.5537536114277434,-0.6144762126082912,0.5571947340877124,0.05290592835199511,-0.17460981194882627,0.0004984757619002819,0.24802913719349462,1.5408398646501016,0.5526968732939015,0.3355751223617962,-0.6758027279411816,-1.4750203598968479,-1.4982714468144798,-0.4115267754288512,-1.3450793855235164,1.0983933303448412,-0.7407830597362133,0.3228303323873912,0.6771237527348838,0.09186547749311565,3.0,0.0,2835.206139081267,0.6666666666666666,0.0,2583.5488744279373,1113.9344014151775,352.3657670224337,767.5657551642071,1597.38316227832,2180.9019560487845,57.607869757672724,2222.715586324369,41.81363027558427,2099.441732836731
Frame_67,-1.4052343083779608,10.87578628467179,-6.718746148013947,5.345404479632825,1.1804612706562083,-2.3807112145493585,1.9788256170507368,-2.0376158896416605,-1.548838447436864,-2.7755083680826322,0.0657202344058771,7.091467776281985,2.95443922250203,-3.0285067332044013,2.1610949060519986,1.456096540408022,-0.8952355298629909,-2.1553336116696484,3.129496892023168,2.8874455767759444,3.116725651696478,1.3202940362026157,3.9217655771103126,0.3655564107833553,-0.8744058122408147,-0.23385379736439593,-1.2806140065331764,0.11458583069387673,0.20762687440060607,-0.5840486269097,-1.647979384112079,-1.3439089770280308,3.044191247055762,1.8824378190034958,-1.136536229712175,-1.213369647903149,-1.3378740534760496,-1.2553175501069558,0.6256676094188958,2.0124836008039115,-0.6827048431675959,-0.17623403408452834,0.4041179193447362,0.4008304487853618,-0.5596345054896708,0.8590587438674351,-2.404585290233523,0.23911187767911385,-1.5326277554760028,1.152941653453771,2.0,0.0,3626.9320647553327,1.0,0.0,3580.3197812825006,1508.9870962389678,0.0,1508.9870962389678,1508.9870962389678,2232.4824730116975,0.0,2232.4824730116975,0.0,2232.4824730116975
Frame_68,14.970682242175009,1.6800748113602042,-11.3704507573901,6.907815169397901,-0.18692164235717307,5.2626278240234345,-1.7979491768401532,-4.605600379048397,0.6483432202241612,3.82899532672793,-2.5219731113501855,-2.9471146119240035,-2.824710578191402,-5.759823094445995,-5.754921741268428,-0.02369370784491115,-0.6599268098724405,-0.596498041389959,-0.39304625740450994,-2.103495986931172,-2.1232007326170996,-1.995382084,0.32393964877441295,2.540597375088349,-1.6468616092253443,2.1327431530049417,0.7225945549462275,2.8195471815479882,-0.2313271625183247,-1.7444089793595137,-1.558700613110892,-1.322538615664119,-0.7366421697595114,-0.5429737707363465,-0.6621299544130548,-0.3277521933487869,0.05698202852042595,1.7866685797436492,-0.627623169865582,-0.24537927588097935,-0.39214450699288345,-1.0929347132006308,-0.45014582139486436,1.6598422474222696,-1.0690530280432,0.263373474474132,0.381870938844361,1.1669241878138117,-1.4504834239326199,-1.3060454352376771,2.0,0.0,3661.296910051491,1.0,0.0,3412.6142644332695,1113.8257219784566,0.0,1113.8257219784566,1113.8257219784566,1833.6782531311833,0.0,1833.6782531311833,0.0,1833.6782531311833
Frame_69,13.764709941531656,-4.326396095671316,-3.0351449836493876,8.154578688778104,3.6036698419535944,0.29622769078344,2.220065392631701,-3.402371582623797,-4.446162350078048,6.959778015775223,-2.6821269619375196,-4.685904509909656,-4.03026183595132,-0.4270491099319227,-4.627597093200027,-6.147901557546477,3.2696135338687196,-2.3966804153557404,0.640130136198744,-3.317040903476161,-0.7120532925771106,1.9048381814880098,-1.2847901582904158,4.678623834684785,0.06107107783250726,6.343053615793124,2.5880633142676395,3.1411937184690104,2.1392304445446646,0.283668363482227,2.171442564912639,-0.1992634244769119,-0.3753651281236008,2.7309185837253405,3.0235955998138238,3.2798708736252866,-0.3129594347674963,0.20053711319534706,-0.44462130598925387,-1.1715973485732092,-2.1635589000602535,1.2177944387703115,-2.9508570374199263,-0.221794291161306,-0.743221909139853,-0.07787815875483883,-0.2740334015027214,1.005496187832363,-0.9037177020901601,-0.5682074143196653,2.0,0.0,3984.4818336750404,1.0,0.0,3335.969384500951,1748.3134423115357,0.0,1748.3134423115357,1748.3134423115357,1864.5730695609125,0.0,1864.5730695609125,0.0,1864.5730695609125
Frame_70,-6.299869445191402,-12.376695109924816,4.847065016887592,3.6280057745087424,-2.012710487235265,-0.44998382460858355,-0.6396969568774755,1.1353441501991122,-3.4977777198826745,-2.106177489280154,-3.351642044686746,2.4026410268908593,0.3054801839410186,-3.4261687524977082,-2.740950579912277,-0.7992184405111036,-1.3037291822116832,-0.4232803359270574,2.292845772524745,-1.4746945673590435,-0.9955801672250255,0.41425234962900526,0.8513787007362423,-5.913063222967361,-0.7378631518972145,3.12485864318375,-2.804623579354568,0.33638102347896665,-2.7963899130337064,1.462573733857706,-2.3766505769807917,0.9210100828583336,-1.7210834270225783,-3.061817207629667,-2.144636318063385,-0.1779277104845699,-0.04781391680407032,0.2483499846669528,1.8183706024273771,1.5741408275469748,0.515825676290363,0.34112525945918626,1.970803505183622,1.4541126189958837,-0.3998226027392696,-0.1507652397917617,0.47187029599732117,-0.8021133426990545,-1.0352476018460794,-0.3451047112413768,2.0,0.0,3413.7679126147436,1.0,0.0,2792.91347508311,1301.799262261344,0.0,1301.799262261344,1301.799262261344,2153.8178500766144,0.0,2153.8178500766144,0.0,2153.8178500766144
Frame_71,-2.8877644219697314,5.292584824328296,-1.3043706383060485,-3.62316589359667,-2.0011598618029716,-2.4313807101116005,-1.0529244289563615,-0.08919561899404399,-2.088414870307525,-1.1871410989627798,0.6525101597702248,0.6368119321365646,0.8523230708994485,-1.3828274847155353,1.696433800499481,-2.0038035165746244,-0.5822286630276425,-1.501116182810478,0.732523206388976,2.3205772948097985,0.20825937766766744,1.9829535792746715,-1.306511249007677,1.4467621961868558,0.015358984583949353,-1.0651539435584227,1.3334091257189602,-2.0095155142364405,0.15310763522141024,1.2302012341419573,-0.020904739386185825,0.08986235122461128,1.2979847677073866,0.9477601005651801,-0.2773953443106859,-0.8545564345886655,0.28934144171546644,-0.6294963355569639,-2.2254000262167386,-0.5642692041114002,-1.0092091335062803,0.6732853718701116,0.8575240315646229,-0.6765997546440707,-0.2384283329544684,0.7742595293564521,-1.761690535351569,-0.5795197588917177,-0.7719099018522724,0.13781273758264642,4.0,0.0,2960.305556996821,0.75,0.0,1736.6721542455773,1888.0164340883186,668.0168952090017,1039.6712404678278,2758.851805430963,2384.589529637798,150.9079179774615,2659.2222056223854,274.6326759845874,2171.573930128728
Frame_72,-10.233209420474429,1.9874706643045483,3.660052924675113,2.736368267969995,-2.922068104460803,0.3431173884294476,-0.2729439170776019,-4.098011016648576,3.644363092513429,-0.609812094148797,-3.4049575597035147,-0.07379881183695425,-5.504010270690796,1.309737382996647,0.7519805951830669,-3.188569284301346,1.5436955702037307,0.9310741909798355,0.6941360601443389,3.1254959203300396,1.0239245329354916,-1.4061337863860965,0.06122449317184131,-0.3885936944237551,0.5422105766088655,-0.009071921677666572,3.190108356914198,0.4271917290853445,0.038190918402090546,-2.3834615323491866,-0.05601608290207433,0.002518093643890912,-0.3135065295970758,-1.1770402404705949,-1.8370701304454236,0.8113496530394315,0.22162354884409502,1.6970276681263041,-0.12599726228196229,0.9641425219745275,-1.8359619608501847,-1.1067020664813383,-1.8687475892580239,-0.9385608382428134,0.5658282169760782,0.5554019966726845,0.3436984972944486,-0.5247678393615013,0.15908591029702396,-0.4333082647216454,2.0,0.0,2484.2267319961857,0.5,0.0,2456.912783868213,693.178459294703,0.0,693.178459294703,693.178459294703,2443.131044177804,0.0,2443.131044177804,0.0,2443.131044177804
Frame_73,-5.642146150558332,0.3597669166917609,3.169644947240942,-4.488219710602838,-7.158958915087044,2.555630533937149,-3.2581452749841087,-1.3325713161331576,-0.07788098754218398,1.0729020574917338,0.09178899016797863,0.35524061429647097,-3.2105396071649466,0.44870889899247396,-1.2487082855458234,-0.6557905666227223,0.5966353399739076,-1.6687945531177064,1.421965096586475,0.19304671855646882,-0.47561027530291344,2.634626063097308,-2.954143041698522,1.2458400469956328,0.6912184051599747,-1.0188684183686016,0.37374725148194315,1.0023702854694407,-0.2041220931798816,0.5723803927685281,-0.21277641589367224,0.44641052349936844,1.0210750570206286,1.202382372745838,-0.9927171477941297,0.21619862504938137,1.4032838267408925,0.8347968821827751,-0.5390425760483125,-1.5311291600009296,-0.06166090356861694,0.3172915864162396,1.4897863078450124,0.4544780138146474,0.6259919219994646,1.1468242027677376,-0.971980814480634,-0.16179311164722612,0.6044845961828443,-0.5046603239337378,3.0,0.0,2206.7365643912176,0.6666666666666666,0.0,1679.4197552295327,954.0261315584822,221.2830569231524,668.079879494596,1207.1143910637359,2381.1138786215756,260.8175653778547,2603.6127441429758,222.49886552140015,2015.0912236696204
Frame_74,-4.510673770580745,5.986341298274536,-3.044336336379436,-2.2166912393182834,0.2272496050062435,-2.752006793943563,0.4307788031746857,-0.7523472394821384,2.071177462257848,-2.109523420768302,0.6002016100124324,1.9745364440066744,-2.1687867333446462,-0.902982103717942,5.208810669922003,-3.965269022132658,0.6057789543474467,-1.7761235797760975,-0.6564799047449276,-1.4259794625020052,-2.7724660861154273,1.1890729422105493,-1.2375958988065614,1.941604752201935,-1.927866509142083,-1.3328910467419093,0.2351777591975502,0.6248162546814263,0.33130046930573004,0.3113504101213555,-1.2457878138751084,-0.021186454059064396,0.9426576770901276,-0.15215469439220286,-1.012898062138416,-1.3685814733534596,-1.1755602265711862,1.0809354488877776,-2.1134761703573455,0.3114122845769974,0.34790373651837436,-0.9978023303181208,1.170432956110697,0.08468407947451322,-0.8922598734043762,0.30161637060144586,-0.7982527118484594,0.6247228052409667,-0.0831639610941204,1.2408866863471868,3.0,0.0,2162.2750216088075,0.6666666666666666,0.0,1656.8507313365444,916.9199412356338,276.3824840333778,566.6059790820897,1242.2135672759339,2320.7328272103246,284.8576627336385,2571.046331574071,250.31350436374623,1922.2206394194943
Frame_75,-6.148866747446095,6.5714787430019515,3.2377249616084804,-3.7341729265866235,-1.3981635710973375,-0.8781148123290947,-0.05369773891408958,-3.516328957109305,1.5377788178935277,1.2819197864672442,-2.3121969785891268,0.9589260141627943,-1.483045348368286,2.7962961675609406,3.3692705865489914,0.2505523645910851,0.7732773006910385,0.8991133688149541,0.011795734410424993,1.8428336735570081,-1.4208329760908243,-0.18944577075431335,-0.37758281484651474,1.3178065778307397,-0.559847123340998,0.04221187016083575,-1.7649753572941782,1.4813779144689743,2.0303035825249647,1.9116475654569687,-0.145627344678689,-0.33947016944096514,1.313220098443143,0.5902363653065197,-0.4767543224791228,1.14021775381509,0.24409917952605711,0.853004382667253,-1.6085249123190248,-0.9713998639794811,0.7042167144706272,-1.0005851207404768,0.3454024636097725,-0.24701649755807412,1.7873977056631019,0.1878400724071513,-0.5683203382667416,0.9080802755475186,-0.7440247523881008,0.4339834181673555,3.0,0.0,2139.709845422533,0.6666666666666666,0.0,1650.2726168187141,982.6723474509348,279.92783661099173,594.5709699256861,1244.3424205409724,2362.0053425607966,108.3856653566137,2487.125582651009,125.12024009021252,2222.7648937343174
Frame_76,-3.69060140717815,4.475423566905525,-1.5930913094572439,-3.053302459673134,-1.1319452236272143,0.47370270879436455,4.153949128888385,-3.3892291978979734,-0.9080535159400411,-0.8360672802563691,-1.1662167354512314,0.6057720184961825,0.9729886055585143,-0.11001460925490332,1.946209327151976,-1.7653331322904373,2.3124024614989884,-0.9379978083002859,-1.8135530644931228,0.31552080686877737,-0.9763657240135339,-0.3205731836119166,-1.4283481641119204,1.1630404708324473,0.9505038702102121,-0.45567036360350216,-0.22634192456397229,-0.946496032809256,0.2879571666794728,1.2485068314659513,-1.0136464328422679,0.8272354640423063,0.387187041416303,0.36430943439013713,-0.7788440321307238,0.17648955931420388,-0.4527758934785517,-0.07182557594421224,-0.5395328145266748,-0.2171089228739994,1.0854384654235203,-0.4834158571485638,2.136555525974804,-1.9389076187052627,-1.0084644948969508,-0.5862752705119715,-0.23359730121106215,1.3149951499021284,0.500759054741336,0.18526102367214303,3.0,0.0,2222.2557509181383,0.3333333333333333,0.0,1730.648112292306,949.731821451434,309.2760192746171,573.5858731800262,1331.1003034159091,2566.8297543598496,147.5192520343122,2675.3693415729695,108.53958721311983,2358.263936543822
Frame_77,-9.915527530767823,-5.006440068658931,4.269796425588556,4.756632751556828,-2.810669181963211,-2.8047629611197467,-1.5309459886682133,-4.613486533874529,0.7731385816034759,-0.876026972494098,1.25945114640392,-1.5732056707241753,-0.2501557720585259,-3.693131203589827,-1.9744634709192872,0.259250510487016,-2.2596870724889593,-2.6367472445511515,1.0862517812849852,1.1142344502160675,0.19314434581894577,-0.04128402526288366,1.6943551790281224,-2.7485045452245838,2.2589696498469154,0.3134024591861977,-0.5101039742380605,-0.3858038547788083,-0.7892034599388889,-0.7634909180491062,-0.6799567527647711,1.63125783793503,-0.20246506210269305,-0.882340560042831,-0.8006188341994975,-0.20112800735850545,0.01966477514757492,0.35356846262303776,1.5045332181398998,0.4136321970009858,0.9124669734981361,-1.5670000478333,0.5744498304689188,0.6566686589534698,0.7663660580092555,-0.2813602959117073,0.4412546195272282,0.7614915250707884,0.730209521155671,0.36678826620023863,2.0,0.0,2593.06763924571,1.0,0.0,2435.084057135958,693.4624274811295,0.0,693.4624274811295,693.4624274811295,2011.1108991556844,0.0,2011.1108991556844,0.0,2011.1108991556844
Frame_78,-9.101310586895142,-0.3464306608501939,-0.3657273688576599,-9.377704477881458,-1.0031003766209592,2.3568976143326226,2.7734256622754425,-2.3306118317244713,2.188706756599548,-1.4234869236880607,-0.27238372622733287,0.45982722733540704,0.3342988783548946,4.747101479860382,0.10535106604413635,-4.864871150242755,0.6114738064562576,-1.483935402033993,-1.4346418451948986,-0.16855304323098289,-0.9223426692355283,-1.4702535606534737,-2.411750035412626,1.1071524690281238,-0.6516658347811104,-1.4785796495600647,-0.2743570048991651,-2.23909989891827,1.8487736606525744,-1.335542728427154,1.2146813884702963,0.32875814486788996,-3.0604409387020493,-1.1519552585942041,0.3450690333346953,1.9364927100153069,2.115310642146182,-1.1108477093120377,0.005711836549236682,0.5047906760656982,0.7343673583395905,-0.04578625201089215,0.3116663260897675,0.5497738488261711,-1.3612425361344966,0.35010133375396757,0.5359715507552955,0.33988423828186154,0.4770635632629379,-0.5269525007167382,2.0,0.0,2585.1768485034354,0.5,0.0,2464.8011146033696,1235.9551428381292,0.0,1235.9551428381292,1235.9551428381292,2392.9493295354514,0.0,2392.9493295354514,0.0,2392.9493295354514
Frame_79,-5.311510599409647,5.199162964804574,4.435530938450488,-4.846727209928917,-2.7534746862234067,-1.151283198210757,-1.978193830637458,-0.22884305735030466,-1.8452487572030056,0.1582180491481151,-2.2614526913774116,5.9846935969532655,-2.397511478673807,-3.5508684681434795,-2.8916806819798797,-0.8567439824479283,-1.7302329300393515,-0.6787778609031381,2.490535090110387,-1.1065704933018448,0.48532229355069767,0.5041187688985305,-0.6555152555031348,-3.0816659107069824,3.742165358085031,3.993057046477161,1.8484328898654727,-1.885732010421737,0.7729452992703121,-1.2556676901477914,-1.338856626178071,-1.066860759803489,-0.8678220528199797,2.0474116470507226,-0.3296962868842608,-0.8482706576737816,0.3233670241526188,0.03666254408783012,0.3807244373467683,-0.2919137050176475,0.9084396138551742,-1.9865052813119515,1.54729893905257,1.6377021449376437,-0.45581202598695386,-0.5628540281924687,-0.11830000694740775,0.5233215160653706,0.3511214993389078,0.5126430201171103,2.0,0.0,3181.7573827275482,0.0,0.0,2585.4690296506797,1340.1022141424676,0.0,1340.1022141424676,1340.1022141424676,2466.800292189544,0.0,2466.800292189544,0.0,2466.800292189544
Frame_80,-11.718350468006399,0.8765278901646053,2.313283477961187,4.32401656635013,-0.5635660263709832,2.863862095125536,5.20680065352592,-8.014316826254714,1.0512124719806697,-0.13597696138833681,3.9173727727353347,-2.1765466991545033,0.7422109462653635,0.7880040354914,-4.289766543761952,0.05720546548919736,2.454309467558656,-0.7964281667012385,1.197975589566449,1.7442547132440211,0.47092976105319134,3.2681801788549056,-1.9139374257622572,-0.8542609462728441,1.7601068715087775,-0.15135019766433588,-0.9340739431271485,-1.1848918095005463,-1.7788242737681321,-0.16422864208621935,-0.3701231522960985,2.421423004333433,1.7090739772934254,2.0545213872963877,-1.2221139134160133,-1.9229861177833647,-2.9095999776919994,1.419396919073765,0.8869800526606101,-1.3163085327897661,1.1645548671855166,-0.011516740785625736,2.5126803086699714,-1.410595098372469,0.17802495963265186,-0.4541482069228406,0.08766129960792593,1.159980554190457,-1.0474600257638933,-0.08240154813573097,2.0,0.0,2503.742848252221,0.5,0.0,2311.4828019590227,709.3579724247015,0.0,709.3579724247015,709.3579724247015,2019.6449521513389,0.0,2019.6449521513389,0.0,2019.6449521513389
Frame_81,-11.02855070129199,-1.5742804766628498,-2.8678242539891046,2.2549254271519388,-3.9999304271942053,-2.59224360705961,1.491202834076781,-4.732943026707799,0.2992310365632731,-3.5274553203675643,3.2078723055971317,0.9675489009483548,1.23544207128109,-1.9693049764668447,2.7977479413255524,-2.3142954150211765,-1.2148816140150547,0.36121116925499097,1.5231645630077104,0.9287529947695569,-1.4523243320656176,-2.2010777338936527,-0.5315694796951367,1.4342417675672,-0.23471256212175218,-1.986057398669821,1.2344471443767653,-0.5317902372280824,-0.5744491932181937,-1.750132975514073,-0.8278339694056667,-0.8884625349673759,0.8884302429496937,0.7648510147463161,-0.6288980706467313,0.5034239318153183,1.4832852234506988,0.10797624570276776,0.21695341595035317,-1.3798661903339937,-0.7071273722312065,-0.13620505448528986,0.3413569477900081,1.6898741417678016,0.13909752456221475,0.42058954856596376,0.34169786910945843,0.15899917329309338,0.5945544719532581,1.3798686829819657,2.0,0.0,2587.395643616007,0.5,0.0,2459.453891920609,701.9619765830456,0.0,701.9619765830456,701.9619765830456,1625.4884633326492,0.0,1625.4884633326492,0.0,1625.4884633326492
Frame_82,-10.8841541592084,6.33285673540751,-1.8509973146040237,0.3231253354078628,3.128381119370855,-4.0515361173858215,4.859057089625175,-6.038330062980884,1.2471426435068576,-1.1668898656965527,2.3318819217476117,2.1536414219817144,-2.3377019195265882,-0.7489738176838607,4.744576801257639,-1.168029369151931,0.6453722812007455,-0.36580956751164106,-1.7576994563421109,2.1894229997936256,0.24954177079699447,1.2784905552058041,-3.427785749317196,-2.0850989074117945,2.0958788452912915,-1.7747021919216728,-0.8775638780267763,-0.5460357626415395,0.33358278646467016,0.27769084249969245,2.371105219600712,1.9003567234060887,-1.5956754723135684,-0.9726074137062517,-0.3686629172282637,2.424045856792717,-0.2871993432150372,2.307759304041034,-0.31624788011713756,0.08111779719441375,0.1378733873477137,-1.8888290565474317,0.04151770859132903,1.64832396885989,-0.032761901320514486,1.2815249010132244,2.734994685723244,1.0206559968696474,-0.33876931813532696,-0.11708477729008693,2.0,0.0,2669.361494113861,0.5,0.0,2438.107740333497,783.4812462877658,0.0,783.4812462877658,783.4812462877658,2101.8356175727167,0.0,2101.8356175727167,0.0,2101.8356175727167
Frame_83,-8.366510144515747,4.5935231683279,-0.41198199446556677,0.3807208179051722,0.8263776476507352,-0.39613462566161406,2.396013492921018,0.06327672698895803,-0.937826671278864,-1.6921690466637436,0.35506331914068595,2.3501868033030457,-1.988397221144045,-0.5671966982540915,-0.5475801536898848,-0.3056170741758595,1.7053543319756865,0.7452751703869459,-1.3403173005787803,0.4022349603680297,-2.461210343053486,3.237307183295893,-1.7171551229107622,-0.3488516641948755,0.5825795135992534,-0.7176718788845556,0.7903455453249858,0.3894347563789678,-1.4003569825795197,0.8384693316944198,-0.18762264573054774,1.1405491870330282,-0.482427706344958,-0.19287964373407773,0.8297317808188573,-0.06350877855315044,0.59850686558317,0.7331272438203955,-0.3469371180813125,-2.4194906839186126,-0.4266020554813849,0.10560003026421812,1.375239948515972,0.3616543322317594,-0.04694725530351895,-0.5608597379048444,0.3693495946846704,2.2514906632870137,0.2087365310996084,0.8224451423708489,3.0,0.0,2164.6142478483093,0.6666666666666666,0.0,1657.5161211260959,1135.9849263580645,328.41995442881876,699.3533997476466,1491.4290316569438,2230.6264400018977,192.69884821130753,2438.023102629585,207.39666262768742,1973.829325540964
Frame_84,-6.258471349223007,-7.792663694249231,2.6611260735930937,5.141027154696008,-0.9067918428079271,-3.4996296806968488,0.4555102873733017,-2.0638434975772237,-0.8726628157260731,-2.7472448523231385,0.7089901015067496,0.48670354784393083,-0.19204394369988606,-0.3325947902849344,1.6612237874195743,-1.3709346137737206,-0.2908527352760364,-3.5803376260748316,-0.07570520614185557,2.0475691814827037,1.0342670595689445,-2.6972704610626828,1.219758334592935,1.9536788921983606,-0.8047960692328994,-0.8781444678018403,0.5520954072802701,0.31930298367924204,0.26377056158004103,-0.21066799297061248,-1.096460341071656,1.771188457760336,0.6936928375125256,-0.8242090464331427,-0.5575735122148018,-1.0036620123914248,0.678070290789827,-0.015470236457427363,0.913113896392232,-0.623623430024649,0.9228347922920186,-1.646192424729886,-1.271155489972723,0.66426074370607,0.28476612569011156,0.39849182249705756,-0.06422681907489418,-0.8025447014492837,0.14757998278864948,-0.06673336097066092,3.0,0.0,2221.423729171936,0.6666666666666666,0.0,1657.5534696158738,1174.5352193082535,359.88576212460845,718.2209202424622,1597.9091407156145,2320.649904902576,279.23921746414936,2546.4744240242553,225.82451912167926,1927.1769998877055
Frame_85,-3.667889910713829,-4.438464554742442,5.8908067572168505,1.6321369043672662,-0.08664954908366844,0.9441163306203308,4.021379466122114,-4.021276164446129,2.1449311609548807,-4.039011945929867,-0.706464263375825,2.6480789756377194,0.6075339346056579,-4.273894370276623,-0.30780599365018446,1.0661791246448675,-2.9910973654281463,1.3734719340654176,-0.3556573631513345,-1.2573175708824111,-1.0440671250852447,-0.7214552829078243,0.7196275413180077,1.2728185863477874,-1.1906956942512803,0.07622889295287782,0.37758392009276337,2.144240116835712,-1.4835498264617275,-0.8861605411665813,-0.07114058921174575,-0.07917558386027856,0.01040090634336969,0.3328090158259526,-0.14059563573894868,0.9209860084019922,1.2476640587901853,0.032205894958912094,-0.22090535887974383,0.08234343983443694,-0.5636318261822296,-1.199197860652306,-0.14642458920877727,0.1465065587590999,-1.0402980435825775,-0.6290038284637969,0.9360908162419136,-0.5524253392174358,-0.2251469160161649,0.41777075687927817,3.0,0.0,2237.8289555730366,0.6666666666666666,0.0,1613.300286205618,1050.4532852960626,287.5172788203819,724.2217827998787,1423.7571273455308,2344.3889229443676,169.39893156397844,2466.8723104519154,122.48338750754783,2104.843101753697
Frame_86,-7.730317095541882,1.551244035065766,-1.578613492948259,-1.0283916473463985,-3.735682594922102,-0.05622338735070779,4.490744049693788,-3.4579141165226885,-0.8088831440809788,-3.843516638060365,0.16848318624938585,-2.150721005802898,0.7806500274999305,-2.038189888599039,-2.9361691246612316,-1.3813577885177073,-1.3513781992497027,-3.6752675625938838,-1.363270854545173,-0.013628969019287266,-0.7041009001799204,0.7147394628844715,-0.8075339760352026,1.048038377482639,0.07081499055978073,0.15092693601481857,1.0268138261260764,-1.3517183106560091,0.541596689860827,-1.4628020396806563,-1.2747699475648553,-0.5380088521543868,0.30403537710990436,1.8200533813857251,-0.4179097285183766,0.28538053212831804,-0.5373726542473202,0.018720627120773308,0.8728102711791355,-0.860630025894312,0.4319448024617843,0.13835498677181754,1.293147592469473,-0.3948263510342643,-0.4784786406844808,0.8234494221166225,1.5121822599375252,1.6075564970741898,-0.23779825998976012,1.2433502673726857,3.0,0.0,2222.263185685617,0.6666666666666666,0.0,1695.9243654176807,1031.848018697476,298.8862248580087,639.5178111530658,1364.2380074978146,2210.621901858555,163.1031880495176,2412.37977334259,201.75787148403515,2012.9220184938863
Frame_87,-6.409345212342251,-2.5685731665877403,4.049570599792115,2.2925180882216125,-0.6281346392919928,-1.0712946081405,5.0762535768004815,-2.7753214143301665,-4.055093501937908,-1.2017610857390881,0.08094400954537544,-2.075392144286593,2.5293151460556937,-3.588041601479253,-3.296133518545678,-0.8430928375523901,-0.8413979764952252,-1.151825270232841,-0.6734642626175789,-0.6538826924599485,-1.6188725343644468,0.026199433161521252,0.4712141237826846,-0.7639913117671521,1.1990274515196586,-0.6952050378479827,-0.15957895209701242,-0.8731970026619523,-1.697054236093147,-0.07270171235253464,-1.3158302678393283,0.35449859441826775,0.5449292619781924,3.09420879053982,0.733896362327069,0.8169158684531866,-0.9577804091265435,-1.51376798401878,-0.4585615166655144,-0.6898835552273758,1.043183698846873,0.7331462802840737,1.1089316848023951,-1.1807487978086035,-0.12858049359541437,0.6156444838416842,0.8455746170632116,0.9485030591194915,0.7480873852156819,1.3492675870392024,3.0,0.0,2186.6572685817423,0.3333333333333333,0.0,1718.910641683199,1086.0655198910736,175.5580107076551,841.1718753707514,1243.8853522098832,2365.3704564290942,106.2305075523926,2448.350501033949,82.98004460485481,2215.422537916706
Frame_88,-5.574910071205003,-9.049746281842246,6.134194785271187,-5.661133778058758,0.01800607998497533,-2.7238742882511096,2.619847901534677,-7.050670632883717,-2.3396546309752546,3.1386788053475323,-1.9497121212404092,1.8929798188714895,1.6684563409938717,-1.168007151727748,1.2901584943061786,-2.2357506665440985,-2.5836288969628654,-2.025198759640632,-1.632760326797636,1.0218377038028268,0.9368721122237184,-0.14472694007437858,-1.6893825900328356,-0.586728454057822,-2.3985256201309846,0.039296386701952485,0.7621715239986062,-0.21784371929638036,1.102606126183471,1.298860532365417,1.3139760282886868,0.49209368653045704,-1.546708487793432,1.4960078512607218,-0.6290038430122105,1.0078313726335892,0.9703623450195211,0.7438106824989721,0.9253837491911188,-0.6490038072920007,1.052174044822252,-0.8007462964923366,1.1281794229305349,-0.5779715494907682,-0.806707373559353,0.6130261074505508,-1.0528759597056319,0.6437810094234566,-0.34432159067769336,1.0041312746729527,4.0,0.0,2480.488657567567,0.75,0.0,1463.4426550826538,1229.8447415000057,452.19477966435664,648.3158576050339,1745.79414110053,2289.3429799169603,299.54400703735587,2587.280971524333,297.9379916073726,1745.4081338231301
Frame_89,-8.99419488459505,-6.985315312137865,2.4552333171125067,-3.0572678473277004,-7.7387024007910945,0.6256599489411075,-0.44630996348862556,-6.468432906856737,0.9320123256450362,0.6367902931942273,-1.8193082246708585,-1.2710379134093959,2.098454713140998,-1.2982643514974037,-2.892765418320673,-0.45765328114928827,1.1794104214026002,1.3388949542003747,-1.0891305115164016,0.3713680766163956,-0.2974336186389004,-1.097881055937698,0.7308077274038893,-0.052217063986378875,0.1252707793868768,0.8513810981535629,0.49214246501889913,-0.3070494329714801,-0.13714127007651633,1.0147900038361195,1.7222502591882818,1.651646774732501,0.3468211075036235,0.32634371814005114,-0.01742220069323963,2.1146420462103417,0.5352207828595715,-1.4440233266484634,-1.3663179114743662,0.37216960248455017,-1.040301257778536,0.20681469271748754,-0.6956252056005927,0.29190336191800037,-0.2576477973319791,0.8987278761306051,-2.0154721107946028,0.16576557695292482,0.5618437847590974,0.5566301223442021,2.0,0.0,2750.4355545081935,0.5,0.0,2691.0140065947157,751.1508018521183,0.0,751.1508018521183,751.1508018521183,2385.398698700389,0.0,2385.398698700389,0.0,2385.398698700389
Frame_90,-7.725466808740521,-7.3363887272535075,1.1403734641090313,-3.5122455406111146,-3.7825935817415974,2.631390555275638,1.5611438167055833,-10.604988409071384,1.0478045847314545,4.221664321760599,1.0903145985887461,-1.708729163160388,2.536788733495508,0.7463469153750258,-1.2444629619460124,-0.20085797418610954,-1.1945132134762448,2.8192530421326834,2.590816581052239,0.8246218424626003,1.1339660935887437,-0.2932943772625496,0.8720625187718417,0.07019002148870858,-2.8468698223670237,-0.14288001458458358,-0.4527196973256729,0.1748662062338601,-1.9684605281496117,1.5066125145753213,1.0653746776206952,-0.4652685360884545,-1.2869887485626155,-1.0288661822412097,0.2993808390418023,0.1590865695549908,0.2045927759828264,-1.3420143776778033,0.03384212674556832,-0.594779164449094,-1.4215542316473033,0.6136377932876291,-1.327215267476728,-0.40863159867797694,-0.6252445789892729,0.7206163754721527,-1.0676844178564582,-1.045412840969162,-0.9755369415990849,1.469111495181305,3.0,0.0,2843.143014975109,0.6666666666666666,0.0,2403.017744156427,983.911036141442,303.6269764677345,736.2570277567423,1411.5218950013016,1931.569392485834,183.08671882778532,2151.9104190231974,220.3410265373634,1703.6343092691732
Frame_91,-9.20126300281638,-6.111271265678231,2.0763619366396835,0.9553494467362379,-0.5182348495372983,5.980894129062235,1.8910447848324505,-5.860540100406287,0.7371744830510512,1.100899648169065,1.7519518629589517,0.5760802494140843,-0.7832256011331293,0.6101778380595899,-4.094689430703471,-0.5767868322858597,-2.9946347195162097,0.6744946362261376,2.4056954545641083,0.8337068560327593,-0.5346265094827032,-1.1439902342691384,1.0334165411916743,-1.4568803778058736,-1.3119877751043398,-1.0821476807756962,-0.5461598501875239,0.024158804586469573,-3.229064794012262,0.3659731824746113,0.7281880683065669,-0.5631009344173274,-1.4216479732920055,-1.3010096994098468,0.4875663357067859,0.35123930718526086,0.451637926451711,0.5495442712455859,1.442447394692601,-0.019008206723642156,1.1855755623181963,0.22668578402235892,1.0338379699215279,-0.5805538420591781,-0.45676163412561754,1.7903112624144448,0.10097680520473702,-1.099585113889078,-0.9000495164401762,0.175269112058789,3.0,0.0,2584.3174822553824,0.6666666666666666,0.0,2197.1104408759843,948.6147795578087,224.9326167137764,694.9023899793544,1241.6472079767368,1958.8929433254505,100.47347709712956,2096.5397399676144,137.64679664216396,1859.5343369553934
Frame_92,-5.048520119024859,-9.475575794592775,0.8522055162484357,0.6518338794185743,-3.7627720550733836,-2.3654525624896237,0.12134779451105482,-1.577721708544197,-0.7388582783764238,-2.4295244617046206,-1.3289656646402985,-1.3713620735412553,-0.14422997095795265,-0.18600988745895652,-2.1885844579028215,-2.4764775859089427,-1.7378918238510497,-1.7375898658948419,0.44506717211565094,0.8828594827776035,-0.9616308245278756,-1.0479271349413792,0.7822218871309732,-0.11930152439009478,-2.063426971587446,-0.4118986464585822,-2.3863003327604826,-0.2059571417591566,0.004333520346948283,1.1970304382524994,-0.03819444681337014,0.8555928625520746,-1.1018284163116794,1.6083869236900077,0.4986618526441715,1.0483149814206634,-0.8973079783453837,0.6917114420289967,0.10858845875924455,-0.8722008961710814,0.8130012993441624,0.31913816955940355,-0.8066186095904826,0.5978517718085006,-0.43669861926622533,0.87121154010803,-0.4104702941827087,-0.22417508336384012,-0.37375214458446154,0.38273204557700335,4.0,0.0,2565.1949603041044,0.75,0.0,1495.545883394342,1481.7981576926038,519.8003505687825,646.8655310451611,2353.0607007744034,2120.6238886447736,247.84662726277253,2459.47627348618,338.85238484140655,1773.4287441735005
Frame_93,-9.975617067890816,-3.3935685497069388,3.641527117328379,-7.037934372454151,-5.322395992213515,1.687313618597321,2.0181774057104107,-5.11672531526292,-1.6492740120160898,2.6333631772021615,-4.747943605413701,0.02858239908786775,-2.902718801695549,-3.311332908579681,1.578653363236855,-1.3314757861188338,-3.1716487122833863,-2.734222445980798,-2.503123274642735,-1.543700163265419,1.4936801841341114,-1.3916911028546035,-1.3794585153794034,0.9252880595505446,-0.5328050608908408,-1.4265100646385631,-1.0139412929387617,-0.4992593941607602,2.0903212051780153,-0.06963526643106283,0.09878769537421822,1.2417776532245806,-0.20961917675874797,1.9773456104456155,1.0878963695665596,0.6677602478482595,1.3292567619901094,-3.0534099817195215,-0.5490160566070768,-0.9239031258174227,-1.66884115654974,-0.6032587872495729,0.6674717829290429,2.4862323202742127,-1.3522782350057443,-2.0790464257776553,-0.6039057145722152,-0.07494225204944316,-0.0887234073956392,-1.1675647705663377,2.0,0.0,2644.549303895514,0.5,0.0,2558.45404374448,1445.9020476359042,0.0,1445.9020476359042,1445.9020476359042,1972.9125929170245,0.0,1972.9125929170245,0.0,1972.9125929170245
Frame_94,-10.961411722794685,-4.2842740577439145,4.959088804208544,-2.861831933112182,-5.341256028332514,-1.0318140319863758,-2.271775413853018,-2.172932345065507,-0.19337670626272682,0.7119243063016603,-1.2987600216651034,-1.9110571957239926,-3.8046747631438267,-3.3085269849759658,-0.3488160010018218,1.6518256098223765,-0.2963827602254057,-2.2657708751555448,-0.2047492265828088,-2.727136028573301,1.9604789840343686,-1.3882983055992753,0.2622027695138791,-0.9153003081777216,0.5343884510739112,1.025085285272687,2.5532765709541594,0.5480767345395497,-0.7569904584676903,-1.3513152527166836,-1.8457392594263036,1.4350234959176023,-0.42342808497447393,-0.4549688638811976,-1.9216310708484865,1.1984776688872616,1.2550377309999163,0.1717949209963738,-0.9089525828405333,1.488507248219821,-0.07368500585422982,-1.3354267964994586,-1.0468667767484736,0.6636417685070211,-0.49293428377246995,0.7856571867154373,-1.0977468562772272,-0.7001267459567575,-0.4635120272034372,0.3332153748632072,2.0,0.0,2629.023849311789,1.0,0.0,2381.629447897254,739.6379932977068,0.0,739.6379932977068,739.6379932977068,2044.432499446558,0.0,2044.432499446558,0.0,2044.432499446558
Frame_95,-7.030453100724261,-7.957513535832099,5.949858641119076,-2.8573087274730846,-0.22990186851220162,3.3023737926620953,4.823783014868349,-1.0592483228555198,1.4731324261522838,-3.613080263089833,1.1678173203802629,-0.9472243076165064,3.3258080393141767,-2.6670834276814817,-1.827423445475497,-2.468881458443911,-0.6739367827449634,0.13466618192416968,-2.885233637449945,2.2876244220023843,1.2272857240579047,-1.475525770233336,-0.5146080677600446,2.1838521639347066,-1.7588581018143825,-0.2704134013863456,0.9017770109815016,-1.2572486964307212,0.6443328741417956,-2.005137429796601,-1.1254257693384566,0.03599370098294189,-0.8822248800292917,-0.3490243075336637,0.2687175542439279,0.3739064222121587,-1.2231545491315048,0.7302495441249359,1.5653816707365775,-0.8406738270501671,0.14009439799453638,0.25123123526831065,-1.5487229941010534,0.01249945894613617,0.06085216120647763,1.9939233980339004,1.3959860127440684,-0.7709334590376749,-0.11642019800602665,-1.374114132272885,3.0,0.0,2078.6365907837408,0.6666666666666666,0.0,1454.322113659697,1059.8233756687962,260.3785453522819,695.3612415526412,1287.5626278838195,2379.7481348845145,194.47664244796582,2554.5839116410084,174.83577675649394,2108.4659349577346
Frame_96,3.286121640736358,-1.2825244126203834,2.6808134761916556,1.3291815833694638,-4.320236686263219,2.8773271472390025,0.5727532611178008,-1.4791586225711857,-3.040565330233822,2.559469634309316,3.0852180196548056,1.6744707317950323,-2.084601843488896,-2.2125475335269926,0.4605916550284306,-0.3888398921638871,0.7640792989864597,-3.511676179432282,0.935181816035363,1.4537843450867527,1.9091113986549126,-2.0495967021762262,1.1547546937130342,-0.7573513257819576,-2.129522193861483,-0.07131376540188528,-0.9403846565432232,0.8383171298257306,2.5617945264185233,0.40168597138946965,0.3196299207513364,-0.7531972543680104,-0.008929728805709284,-1.4641470869125213,-0.7166457108196082,0.57196960922618,0.25393226880645275,-0.9903376920759269,1.2408871084822195,-1.0771660008696042,0.10833268557187879,0.5311008450262258,1.5141141450606703,1.1107053301744199,-1.1668441721810476,0.1274971939775785,-0.15292228573759084,0.09666110876549594,0.8484303023994704,-0.12144402878015333,3.0,0.0,2864.979616858223,0.6666666666666666,0.0,2621.9303392538036,982.7739539325333,231.17275935978674,784.7455363596479,1307.0653838937121,2520.3230987291113,26.949596388031406,2539.856687594158,19.533588865046568,2482.2146336020933
Frame_97,-12.723687951833009,-1.3035487885383015,2.855116440426809,-0.08728746822909583,-0.6856913411766041,2.029850497430022,8.129819588283652,0.20196199061992137,-2.461439548966255,-5.4956993507768175,-2.4649253352126412,-6.0069212622627575,2.009872212570346,-0.10918700933414938,1.4333389383857318,-1.2680271586659453,-4.513388024070198,-2.9793918970183206,0.5505571485731183,-1.2754480069986507,-2.7367978903610224,-3.030017112053146,0.11445200491789842,-0.9182170411190858,1.0125189408619013,3.2608227463049477,-1.2626266104121764,-1.8398763020325148,-0.27984168939151033,2.014091186395209,-1.0680565801152704,-0.8865376551372635,-0.15016266834721115,-0.641557695758828,-0.26079982320809936,2.1173794151857384,0.5184082631115859,-0.5262897493671213,1.868217572053862,-1.6922332577647938,1.4553677094157136,-1.2703133568542082,0.049142692629562945,-1.0203633398772955,0.14780773427661065,-0.16368853807649592,-0.19359044402936126,-0.4829722856411273,0.17907324012499115,0.5622280982789285,2.0,0.0,2446.0456784996168,0.5,0.0,2396.7365577992086,588.0643576453184,0.0,588.0643576453184,588.0643576453184,2204.4901536523557,0.0,2204.4901536523557,0.0,2204.4901536523557
Frame_98,-11.096664331798324,2.0502702818774834,0.3764546352821418,-3.9950252957108656,-2.9611767857112103,-2.7027554585101594,3.932981281856824,-5.302637565178886,0.14578596324697835,-1.711830980629173,1.0412693689914956,-1.4115273515636988,0.5095011179514195,1.532221015163696,3.401142055132204,-1.8713246986968484,-4.77253584294891,-2.5366651218747265,0.8608043094236286,-2.988065576584813,0.9659870204601659,-0.4797839975722491,-2.739158241000128,-0.7593840946693566,0.3710759228336918,2.1049361277253484,5.422237810756685,-0.4163780082405301,1.1728631903791615,-1.2705211974852861,-0.7047816811037121,-1.9722047725725143,-1.8841964659328148,0.6012777944113905,-1.9016299993164933,-0.6169817399090827,1.6289106686345396,-1.5388275873959347,-1.6063955794729141,0.8678620102033214,0.7404388656601102,-0.024933613456573217,1.4900052889340656,0.43456239625409243,-0.14856970112697776,1.599770114215112,-1.3813926117181268,0.79621037084945,-0.21237840773627545,-0.1903513419043183,2.0,0.0,2656.642620947965,0.5,0.0,2496.3932736811616,1076.082840928036,0.0,1076.082840928036,1076.082840928036,1946.9058069072917,0.0,1946.9058069072917,0.0,1946.9058069072917
Frame_99,-11.681333347711686,3.9235374325365138,-0.638871111362123,4.4079074345456,0.3134444844863302,-6.146454332179799,1.5317602122472604,-4.448916828441515,0.27800412730960655,-4.300069717571738,2.297701506684205,6.724982433959974,-2.1644405929047323,-2.301276521482235,2.2605375773578595,-5.107114113006504,0.0720469270859615,-0.3735680244924463,3.2618151197042597,-0.3080196908027051,-1.2477413011076508,0.7314195839864791,-1.0786819472267546,2.400242861651898,-0.9719626486339027,-1.366404256808926,-0.1898493146874854,1.838046828274423,-1.77258034193279,1.1693525956685293,1.2025679280000505,-1.1675489085758188,-1.3454797181714884,-0.3920657274529383,-0.1521822914940778,-0.892797627914386,0.4370554398733132,0.6601230366631511,0.4941217411452474,-0.6407676371549978,-0.6189940332640351,0.4089083543367596,0.1489144129881802,2.2136030473707144,-0.3501974678110996,0.810727603047042,-0.3764369049561503,-0.6682401822006403,-0.18868100153660675,0.9305521089145135,2.0,0.0,2755.6321424430557,0.5,0.0,2489.924974170068,938.0028069565293,0.0,938.0028069565293,938.0028069565293,1776.4812825391305,0.0,1776.4812825391305,0.0,1776.4812825391305
Frame_100,-3.7874440709002486,-2.460013118658074,3.93266984770032,1.7762171052886917,-2.464463131024108,1.9810229853546917,-0.41405294420436317,-5.742243705069733,1.2126321711967691,1.6621385413867136,0.566716479744665,0.4712974592248777,0.7856417434772281,2.313456926518294,0.534116717107841,-4.234806500054101,-1.7918586579660019,-2.001812851057275,1.1193736620739374,-1.1729826800163676,0.26006426034924257,0.4322403335149236,-0.6154935156376883,-4.053454438838028,1.7981785738005887,-0.20502208694250315,0.2752654930913481,2.429704133862563,-0.9969452973287537,0.6399368074828581,-0.48943933016461294,-2.2899334137181717,-1.2160207292962888,-1.4847202831105841,1.2099202996104637,-1.1465509585949187,-0.7685154228580667,-0.3959980325564092,1.2898684324741736,-0.8665156599534948,-0.0851526840650612,-0.23588071098115862,-1.3225259684077517,-3.265778672075577,-0.3786124102216426,1.4974342627536081,0.7269629038878996,-1.1383545556606014,-1.2741894504560525,0.4009127618498889,3.0,0.0,2065.640866437718,0.3333333333333333,0.0,1360.2749009468007,1516.4856127864425,577.8708503840174,727.0689538205999,2094.2733881275108,2349.623367087267,180.7967386795323,2503.793318410625,154.16995132335796,2095.889274084324
Frame_101,2.38065803016698,5.2627669200608365,3.139165445668367,-1.0212131374964404,10.599971818517787,7.121082613118421,2.9020585997854376,-0.04012117479984575,1.7801167229343866,4.048641686891028,4.228003705009022,-1.658988540338207,1.2302364618782011,-0.916839383713188,1.0443913367648967,-6.870155416270111,5.819973487669884,-1.7653559268622292,1.8266472144539485,2.1861850338067095,1.0957391691384177,1.0506150028013836,0.4947310404467237,-0.0813008832748124,0.2301871457786813,1.5423115589393424,1.373944909587289,1.5066907387420265,-1.1073427514008427,2.3632369369305617,0.09397555525720162,2.9502353276147644,0.7443418898653498,-0.25281090311791027,1.237196490346455,-0.6927505974710231,0.4416661566085282,0.7503786909380509,0.5802047575230639,1.3164255627786192,0.4715483789356703,-0.8707916051743495,-2.9650313483245596,-0.14909677481591754,2.0635045063906414,0.2830920379263259,-0.899647503027714,-0.2798601410086447,-0.4644036406165606,1.8654187859120064,3.0,0.0,1844.504624095621,0.6666666666666666,0.0,1606.9169954160868,1213.3509084837094,389.79313722625574,665.0866771711934,1537.1094711264477,2700.9912314608737,58.10732468952733,2781.568977364086,80.57774590321242,2646.7341115638114
Frame_102,-11.310997398287157,-2.716680523037099,-0.9932029386727137,-0.464343516507457,-4.911980954307991,5.122080186053564,1.3074815424413213,-0.5391429849012368,-1.3445048662241934,-2.4307767575249253,-2.090265470382292,-0.920262646825726,-0.8201764433338715,2.273669659871112,-2.0728575245130005,-0.8737858844022202,0.03260663943010502,-1.9772736372326878,0.22791385249506058,1.2938326381516205,-1.152938426411971,1.2150939232259903,-2.7608512159806207,0.20837296989909598,-0.5602463019398867,-0.4214202070950144,0.9780628212806552,-0.13429027398103843,-0.004825163770033392,-0.25367103815540903,1.4963051007554908,0.1639992907440065,-0.14821398844894929,0.5177615790515406,1.802196130604444,1.6193186638222674,0.4103514610323696,2.1758245342389797,1.7387186661660765,-1.1868429862771104,1.0630657489014967,-0.410095331363056,1.7796415466749909,0.3446559720513519,1.159721093153562,-1.0259307600773595,0.3910779604985314,0.08634914687748974,-0.5009343081974659,-0.07019568895006975,2.0,0.0,2463.436313299462,0.5,0.0,2461.5676769664988,648.3570927732133,0.0,648.3570927732133,648.3570927732133,1946.4603016670214,0.0,1946.4603016670214,0.0,1946.4603016670214
Frame_103,-9.268924948481152,2.5603914360519164,0.2725659342389721,5.325106268973777,0.8846538587722118,-0.09521822080344282,0.13645973312754536,-0.7162349600082569,0.3036599805255354,1.0135279391436836,0.2540159103620836,-0.6103082899043435,4.670655271979947,-0.4881855580913146,3.0689469927573163,1.9348415304654403,4.260936912252099,3.9211043026856927,-4.399546503326871,-0.9222060322842515,-2.2418485818922753,-0.7652579434293357,-2.017136670793325,0.2282271959320014,0.39239125377355816,-0.790044440851218,-0.5736470079636884,-1.6057043363868277,-0.7354590070432533,2.1990939686392177,-2.341081813671661,1.2453901894215826,1.60922937968206,0.18514621073641088,2.4151408126720373,1.386627031506615,1.1964701996127534,1.4041427187921898,1.1172177078344288,0.6903332990265789,2.0888334479155364,0.2751734612936421,-1.528274134368569,1.8803192959879087,0.3087914469689966,0.007721268768757357,1.055525573008796,-1.1847581886388994,-0.08633448112231919,-0.12531920811996677,3.0,0.0,2426.7155384163084,0.6666666666666666,0.0,2258.5710203968138,981.3480230240388,282.1605843524348,758.824536717435,1379.4622832913224,2224.6671220945204,392.6726894002769,2508.570106750482,283.9029846559615,1669.391201527841
Frame_104,-9.228164867853716,1.1859368859688206,-0.8671702042576053,6.398195936961802,2.234546253526982,-4.212140980916755,-0.1491108714745962,-3.275839842193944,-0.3827375635048907,-0.33414323306551336,-0.3978107350276637,1.1064413962841064,4.888474509442983,-2.6237335962248802,2.386035156879464,0.8176760705514724,0.259885176463297,0.7986576942323439,-1.9419585264372123,0.27111778443810824,1.087524830218688,1.453920218282046,-1.8281733284665131,1.4688320922002098,-0.23034434071104712,2.9428265464859114,3.1883890581117273,-0.655930825819886,0.8091408989615735,1.797155806729421,-2.645862399435652,-0.9986622747430681,0.2065542903583554,-0.29777426425191145,0.8284562425582552,-0.2926691665964039,-0.6050888186427977,0.3050745376725068,1.2998173274608227,0.7553516500431184,0.8220483064179733,-1.5053451832020235,0.8335801260678767,1.5410646144006084,-1.2104940502524164,-0.3360139066138427,1.578460813179297,-1.181110082737201,0.2409260615330945,-0.45077028020393145,3.0,0.0,2515.376986890146,0.6666666666666666,0.0,2360.657924377672,895.4665345727308,244.6223347693266,648.0538439948422,1228.5776324528047,2105.6177096821943,108.77362106735184,2258.5529634421505,152.93525375995614,2014.809333930937
Frame_105,-11.676465667643363,-0.4953354017015916,-1.7615020097857865,6.977224216030846,-0.8174910040205594,-1.3806317582785155,5.0341429548722285,-0.5803910382571712,-3.486603662718732,-3.8195820690079088,-1.7493970541229371,1.623782555485917,0.18232546724427687,-4.147119015656854,2.1009542170996545,-2.1666464111667505,0.2781891358497829,-0.5701272928413408,-1.913545434700729,-0.17219915009589754,-2.1644992400857013,-1.892419263823038,-0.42423227599873314,3.2230883125995655,-0.8745156871644953,-0.21301004734052087,0.8117027288691165,-0.1852989146675461,0.3405815722373159,0.18255984286360868,-2.4028791302798718,-1.3622744655695769,1.3859968999498888,0.5257662226762992,0.3043062068325072,-0.16560622700467853,-0.757541350816701,-0.4323116649118782,1.3253689181264692,0.5097276613215445,0.2592531355652051,0.20029440873789728,0.562438743721103,0.6974466759823533,0.0745458390842978,-0.7469704314363752,1.1551318807551247,0.5768452895211389,0.31888839231365773,1.1262489046466515,2.0,0.0,2431.785649993869,0.5,0.0,2336.199175667649,736.8112088892436,0.0,736.8112088892436,736.8112088892436,1928.9882551803873,0.0,1928.9882551803873,0.0,1928.9882551803873
Frame_106,-9.230364653085603,3.0042180229012705,3.6932425052003572,3.940032784522463,1.7793465945179359,-2.53412893509924,0.29431078937166144,-4.756701256738723,3.539657445642534,-2.6119781732640006,-1.7777367502921713,0.8676625285430316,1.4420597311746812,-0.3953445923192344,-0.11864943892781321,-3.802716186075328,-1.8404900369831598,1.5829067517863449,-0.36358818252572317,0.2672069255321441,-1.4233728962084433,0.1885498904290118,-0.750886854156116,-0.802475937155181,0.6073493941905416,-2.117807887502314,0.4671881568144391,0.22136967902482674,0.6765827181087455,-2.1105561226299616,-0.3748381423310927,-0.22200870004296416,1.2145533648052353,0.005940026732045893,1.7540534311994553,-0.5557144101705362,-1.0962315195912513,-0.029373576203763907,-1.2070087757415218,1.1442324824369934,-0.09199362323745897,-1.2773782558895652,0.7983658247573487,1.0693861253735868,1.4465975829863398,-1.4481674401352338,0.5871939512524257,-0.12872331377592436,0.09568098582863105,-0.4570640335986382,3.0,0.0,2531.840896677493,0.6666666666666666,0.0,2512.1545478458456,961.4987255349348,272.55939307412837,713.7022032006365,1341.093284619509,2208.7161438097687,67.71784093699146,2301.9502719923044,93.23412818253564,2143.1489615583564
Frame_107,-9.328055389816068,9.538494191395435,10.400230858887088,5.013554451669681,-1.5226637171797859,-1.5506942494249372,0.8850554314388037,-0.7038527601763569,-1.4740160894922982,1.187056047157229,-0.4619035554167885,-2.444716480245388,-0.0884395017241815,1.6956853088057022,-0.6344474528751305,-1.0617943170877864,-0.9133567659952081,0.9454284884110169,-0.9477140934653735,-0.29111295643012036,-0.8196259318690335,0.21221068798502518,-0.33360600502855664,-1.1425634235795201,-0.126842512241227,0.3014297680825776,-0.951162349555059,-0.2976435628467247,0.8581831293117346,-1.4418130004196954,-1.2281058445289301,0.5538150520763714,-0.04169362038728702,-0.1492138693506118,-0.23122604481753628,-0.1630549921581755,0.3801283083774504,1.3688774994951034,0.8386273920103281,0.27061448438645697,-0.5085061820356034,-1.6211995751402937,-0.7700538840557053,0.4030846673442849,0.1708778288439869,0.7694599615207276,0.15304826545750153,1.329275509486359,0.2747491203219427,0.7683837846495696,2.0,0.0,2477.0509261231664,0.5,0.0,2439.3328767093712,805.9411977220734,0.0,805.9411977220734,805.9411977220734,2395.796934829726,0.0,2395.796934829726,0.0,2395.796934829726
Frame_108,-11.161785089596233,-2.41255567176588,3.068937909344606,5.82630787917047,-4.161694394514609,-0.6903697552309622,1.168210524634658,0.17019473833698395,-3.9833359372501542,-3.4031283793650324,2.469636350320167,-1.7982442723701324,2.7771763093373094,-0.46146448894663894,-1.15273747809379,0.3364942418112624,-2.97688113973013,-2.8316465650028073,0.9407689898356858,1.1983794402573622,-1.076041634726091,-0.0579120134086204,-2.1684612283689013,-0.377260041589589,1.389742067495901,0.45588127583750926,-0.8557044515874567,0.15667230076978045,-0.7360512256270726,-0.1476234009258457,-0.5680764382809996,-0.14368717497992306,-0.43312641624718995,2.249275442593304,1.6987721901739352,1.6651495321701977,0.9992476034256221,-0.3107215932473659,0.5798263911561258,-0.9053786782962832,0.2138418774067635,-1.5898505284820752,1.1851692701122907,-1.2572904174589044,0.6781973289296136,-0.06485430435983619,0.3237158153873411,0.21025560735223892,-1.05555844954745,0.17275468435737373,2.0,0.0,2485.726967865096,0.5,0.0,2417.686077621564,718.6211944860783,0.0,718.6211944860783,718.6211944860783,2060.1443812472835,0.0,2060.1443812472835,0.0,2060.1443812472835
Frame_109,-10.775815682611855,6.93005285614868,2.306231910189218,2.7008819847676593,-1.7100670119614665,4.22087564545793,1.9602668436802047,-5.086578977754513,1.3670135307956754,-1.6539112724376857,-4.107599060506098,3.871646356412442,0.7292653216270166,-0.608987282883299,1.15244366749373,-2.0500886979535684,-3.703813080711958,1.40303502934195,1.006225460029047,2.5783067242299467,-1.2267018661955054,-1.3722698545836791,-0.7122340662584861,1.6371904034110707,0.4041771531610143,-0.2461465270314976,-0.5451990686126609,0.2182718050754155,1.077214994724003,-1.0118054573568882,-0.3876990082553131,0.967233850518312,1.3527519813370228,-0.3926417479222075,0.5605984682188753,-2.2491399853149066,-0.5976248511172685,0.7443778925748001,-1.3292730511139168,-0.1812066801170913,-0.8828683251878535,-1.8467034061128318,-0.1917352522437204,3.3295588006577175,-0.07891553774226907,-0.6623519857359179,0.4063399783702446,-0.25892467655819784,0.6750744174649302,0.306046388400403,2.0,0.0,2553.01364070413,0.5,0.0,2519.586499444415,813.7228073799857,0.0,813.7228073799857,813.7228073799857,2006.0399813057368,0.0,2006.0399813057368,0.0,2006.0399813057368
Frame_110,-11.380807520031597,3.384421884619382,4.677775333338436,10.287247906260813,1.54397503045199,0.641822375193196,0.2963624047544846,-5.645148298104434,5.062413998630874,-1.6906342594954973,-1.8132398393475482,-0.9706860385591045,1.0959091644677317,-1.4058384054803552,1.5710656121851396,-3.58109418509873,-1.942773785350978,-2.4679018276816898,0.232417326613584,0.10662631861481253,-0.8520522533267612,2.3261969719992366,-0.6244675117082077,1.382091167607878,-2.2684135634304337,0.5911195355314163,1.8569547780855737,1.373524061198378,-0.2145885611059999,-0.16520894091268046,-0.6964109127128068,-0.9980737756705808,0.10650366335860739,-1.6815579818007578,0.6398031119606302,0.46602835380626756,-0.3232290022052924,0.422251052366346,0.43859298460060425,-1.1671711250210637,0.18154277379900968,0.4622807108851025,1.2953463321347123,-0.33959590510744675,-0.20609581348758738,-0.8021609087484469,1.1304157080958097,0.6950360415105321,0.2523423314059553,0.5464620366204571,2.0,0.0,2408.8953808910683,0.5,0.0,2205.3215025485088,705.8864362317677,0.0,705.8864362317677,705.8864362317677,2174.129552056273,0.0,2174.129552056273,0.0,2174.129552056273
Frame_111,-11.25823222926476,-2.165141891148001,4.870945007181124,3.694667003123312,-1.8289351884100946,-2.3342639711259316,0.8260361501474032,3.028940556842115,-1.2921205546278107,-3.1059333752746934,2.201675831538146,-2.3232002541911516,1.8580085692087187,-2.084451029411877,-2.862787695362161,-1.9011839445106373,3.186564990877167,-1.6954854925177254,-1.8820218064894858,-1.6613779929097965,0.3188785959774144,-1.051062419466446,-2.0174644605446272,1.213550126802014,2.3180023352393766,-1.267585207331827,-0.24388561406977666,1.4485062868285286,-0.9820805088220801,-1.5619067428240614,-0.8598062228644557,2.028942550935474,-0.7359772422355789,-0.2870281745458344,0.29187635462423245,1.6144214724166135,1.5127093983794735,-0.7102126894921571,-0.1096497165066743,1.1413161595586776,-0.011608352978164982,-2.036002870378165,1.8392921607981503,0.3719308522392688,-1.728401275599147,0.695290412269143,0.03132000057024076,0.41347804139518785,-1.515873445100404,-0.02821790602190699,2.0,0.0,2509.0599239128783,0.5,0.0,2482.635666090286,617.6567956109507,0.0,617.6567956109507,617.6567956109507,2187.994418746447,0.0,2187.994418746447,0.0,2187.994418746447
Frame_112,-9.124360801251846,-4.942180556630295,-4.997335264468706,3.8378307969014878,-2.9780399643401916,2.0408534896834993,2.4765074945729184,-1.8863695798751206,-0.7068692614326637,-2.863382454899934,-5.232246287713217,-0.7152895104260699,-1.4742690496151658,0.5328933108552951,-2.319501711356384,-0.7429276396392207,1.4791464703608845,-1.6493281158242252,-0.3880488636899886,-1.8706492179445489,0.5182731036881433,-0.9020095097554186,-0.7685295074636787,0.8677380709834223,-2.1654137310835937,0.2968605166805304,-1.765857015535683,-0.6856679189821682,0.36237410049979174,2.1174226742400486,1.8067795654036964,3.950929279877334,-0.6787841578650313,2.792098954438595,-0.5836892191934178,0.1361067889038281,-0.1389691806499428,2.70995067014217,-0.567326370114402,-1.5303896361954983,1.37364433836383,0.09161783842232571,-0.6645848104870609,-0.2923476945454352,0.02983824140474589,0.0715928965721192,0.1255086796884267,-0.4271654858172838,-0.3456779929483058,1.1268007919316188,2.0,0.0,2416.964545674061,0.5,0.0,2399.8786386295624,648.2792509041699,0.0,648.2792509041699,648.2792509041699,2281.7268255275962,0.0,2281.7268255275962,0.0,2281.7268255275962
Frame_113,-1.1328512181334074,-0.24175504490117894,1.5707811107844925,-6.216780134013593,-2.2386552225205336,3.359473709627841,6.029692868493463,-2.4508990099877215,2.790455522596032,-7.2155687340383015,2.7103905423677337,1.6275162962402816,-1.0772522772466888,0.8463638520730237,-3.414702465665674,-0.39166560863495103,0.8251538288261682,0.8327081333881743,1.4650651630642093,2.0490766063975614,1.0308804242064045,-0.7848443626538606,4.698998157791383,-0.01032035558254503,1.5506906936190683,-1.2796089635306918,-1.0764872284160192,2.3544431515210658,2.4160028637265203,4.363094395695345,0.659696260396532,-0.5409943348272223,-2.3367273765479273,1.7381929882184388,-0.38752375134764927,0.6253729984629827,1.5560235568783451,-2.442122126422901,1.0217006714487034,0.7703163976766138,-0.2635587724729369,-0.5438243966470593,0.6452817929448136,1.4000725692181555,2.04834173760931,-1.0662169321146513,0.2563885693844164,-0.09199455250170352,0.7026390742387327,0.4570343096412646,2.0,0.0,2419.0177983994636,0.5,0.0,2299.767675783486,1595.052771483137,0.0,1595.052771483137,1595.052771483137,2750.563752051385,0.0,2750.563752051385,0.0,2750.563752051385
Frame_114,-3.273196711115707,6.401258244104609,-7.903990249122142,3.1080394088043835,-2.1758680089501143,0.020090729532029172,1.0300556291701084,-2.3295748638909144,-2.885473520769549,0.7762241711013185,-5.092692867364959,2.222771061483192,0.09283893314217738,-1.0301863068369341,3.6079252402557955,2.3721003873689677,1.1585738681865354,0.39742480539236125,-0.3826796204202423,2.0074689392993266,-0.6212146355775892,2.0846620840590804,-0.25207899225232755,-1.250805635169198,0.29230278961218015,-2.0788262148618633,1.4116601129531448,-1.3284925636253164,-2.5846947147065267,-1.0382420209843024,-2.0536150469634316,2.1464096708591276,1.294884930378739,1.3855812606889213,1.02876398713836,-0.8353943408025315,-2.1181623676473897,1.172156857490611,-0.4460733100287401,0.7561055229112474,-2.5108240006730083,0.170777582553258,-1.284872414183519,0.18890360763701147,-0.23096970875007838,0.07060093312780275,3.338076685682322,1.3082338357711873,0.802204932406407,0.5753659045285788,2.0,0.0,2827.443460434194,1.0,0.0,2732.9456154533386,723.4512738832914,0.0,723.4512738832914,723.4512738832914,2252.7979649681733,0.0,2252.7979649681733,0.0,2252.7979649681733
Frame_115,-8.28197336478775,2.571681635317043,-8.989102445475897,-0.033339108317798405,-3.780905383563884,1.3077533257780718,6.455341624961625,-3.9019635444617795,-0.23259950920645017,-4.27579156435168,0.8282841989059277,-1.9783362081831382,-2.960201961766111,-0.048004073011554516,1.6162117972099161,-1.5762579888629438,-0.10684571983023175,0.7676128690267934,-0.21585177655120968,0.11213672110876938,-3.09361775350933,-0.8719841150547121,1.3443043967659867,1.3879657608410034,-0.9876494625616189,-0.4860829223356261,1.0964156794367041,-1.3801606393055925,1.0667876232109543,0.5978009420438302,-0.6679348091965684,-1.3299073654481888,1.7771980400291443,1.9673171159647822,0.21358654974554692,-0.16580778625754988,-1.5805022670286246,-0.46189824593549555,0.5168899699642482,-1.0723296741281638,-0.04697578920326556,-0.39276508993654646,-1.8169873934018528,-0.5091174176792683,-0.9533000254366863,-0.2606523357103342,-0.08309278764809802,-0.00824531510125745,1.0141613923739885,0.8092952213870414,2.0,0.0,2611.575034505206,0.5,0.0,2540.837527085333,1061.400244745452,0.0,1061.400244745452,1061.400244745452,2203.0615845570974,0.0,2203.0615845570974,0.0,2203.0615845570974
Frame_116,6.038488033985601,-2.644282637102782,4.4837761704744254,5.011754953355606,-2.028536404415539,1.0096225655682032,-1.137301457932785,1.281274669361141,-2.4497842189632344,3.6678668123763076,0.533067397905615,0.714833944035667,-2.2337847765023717,-0.6357643117710033,6.58198933903684,1.4453366225291975,1.2959392872319113,4.628583123829443,2.388837382340851,-0.3467768970837659,-3.5705418376603735,-2.3215759709438326,1.06089148167665,-0.9531007677453999,0.07073128888552353,2.947804184643145,-1.5632423727613995,1.728585454892287,1.5761602991488792,-1.054226648970011,0.060733333326291494,-0.016518865375375696,2.4593771431042186,0.016627608712701747,-0.054809147955059756,-0.5769669569959013,1.206769485847533,-2.003453851482626,-0.07487221321294868,1.3312962313155443,-0.08320656924237158,-0.685863223275193,1.2062892353489605,0.20973358019552613,-1.1496070942601415,-0.8458309094384382,0.9655607893948006,-0.38493820789664557,-0.03171088770065622,1.775326695695161,2.0,0.0,2276.469721454404,0.5,0.0,1932.7380835941763,2488.1894615688343,0.0,2488.1894615688343,2488.1894615688343,2519.3850940113616,0.0,2519.3850940113616,0.0,2519.3850940113616
Frame_117,5.3329326749120325,8.095743917321846,1.6535775821551073,6.976753045283957,-20.855843053174368,0.7840569344459465,2.514874129896048,-0.5969266358407948,4.721516640201721,0.47809784768385377,-1.1809642003670875,1.8504929650902995,-0.46769846794829245,3.813807125056274,-2.4648707718105567,-3.6227249950156555,4.803507966617688,-3.580106361375543,-16.616292110697987,5.667859207792357,3.251284442547844,-0.46250471025895434,2.5721455698601132,-2.651021575652059,-2.523589139932897,9.712581992115952,-6.22251745304488,0.18239607062022026,-5.255762372363382,-3.9109977348832587,3.4089107904569276,-7.259427951238052,-1.8610010686296683,1.577615605253955,0.010106591950947283,-3.733592988086526,3.4165984627494055,-0.9243274759565377,-1.1819285735099248,-1.6351550968998545,-0.2622132366832913,0.8060853104768921,-1.2986908133948492,0.6775949139422469,-0.12130452582736007,0.5774490512077741,0.14999307676061205,-0.9626288170132548,-0.1909017113240067,-0.023578115421070283,3.0,1.0,994.8506773893808,0.6666666666666666,0.0,0.0,1399.662001251507,428.69664643853594,878.2135242901962,1928.2291720778146,2459.9848224721227,257.0943771730769,2713.7370223364105,253.75219986428783,2107.6011972574634
Frame_118,6.8982700444188225,-3.5423050216331906,-6.200271725617538,-2.5468225887966267,3.9913555403461554,2.3645003129318924,0.35641201299205577,1.9171548456661474,2.095795884057815,-1.6178811605130765,-0.8831874317497631,1.2905975212147323,2.7185410052635963,-1.1936183821673834,1.7593650238419147,2.910550903668327,-1.4889511942009057,0.4581116643753442,0.773167252821598,-0.011409311288565847,0.3761559289803492,2.5363199923098825,2.004817772449018,-0.661671301411669,-0.2790630393376934,-0.9443602521936577,-1.0545468837420697,-1.457706129734223,-2.210116676051647,1.824272371709723,1.4220010321903096,-1.315497798606221,-1.497838407988606,0.5282125493813095,0.9972386763384711,1.0962674942576047,1.703431078725391,0.774651029050977,2.235453281831842,1.368648348580222,0.8175433131038313,0.7008170820679709,0.01795307028808562,0.840843259381157,1.1609952383857656,-0.6648145950894022,1.3778727105056316,-0.08349943015346832,0.3402062383554934,-0.36523239315163286,7.0,0.0,2147.5688049326704,0.7142857142857143,0.0,1771.0631795328272,1004.9155014806269,299.29554368206215,411.557290533392,1552.1561243032318,2290.236511971141,372.6410841357298,2617.1582625495553,326.92175057841405,1525.0103297868427
Frame_119,5.152396466567499,2.9021255898184655,-0.8298803929355474,5.648891221083312,-4.000557258578215,5.095716853242979,-2.2744481647374006,8.407530278613942,1.9182594264852875,-7.843728209574434,7.139203535574042,2.270873756130347,-2.022481936114546,2.9104528023216827,-0.11779195634272611,0.23509669205906142,0.65575027715351,-0.3299990039130043,2.4981959392920046,2.0049587788049696,0.5512224495286054,0.37378281621383624,2.035448855511084,-0.8187528187228065,0.5015452191434249,0.01015101621532244,1.1551599831403618,1.249142533870577,-0.07571582746678651,0.38187512685271474,1.3809780786881725,1.554574656155258,-1.586302809328174,-1.1506911601134369,1.2798687584709247,1.320650968122738,2.2627838771358038,-0.7188282295369526,0.11380445569126596,-0.6703593372688224,0.043359859007567864,-2.0871412599335057,-0.17845748488187038,0.6570397239303343,-0.6451860562689408,-0.8900861493764181,-0.2263685723258726,-0.10703070143757268,1.0588057347708872,0.2683607357112005,2.0,0.0,1776.9891686326448,1.0,0.0,1493.2027345862853,956.0670449397284,0.0,956.0670449397284,956.0670449397284,2562.0764786125446,0.0,2562.0764786125446,0.0,2562.0764786125446
Frame_120,2.3519064908007956,3.3116370596836124,-2.112402818892532,2.128416481319896,4.058481369392795,-7.122440122449882,-2.2898397951791423,0.17052560696546815,0.8601062740772757,-1.5983849691550818,3.124854103492767,-1.4433266236830296,0.4573956273644658,3.1435283141050885,4.938843588676957,3.161820792272051,0.42508225947490613,-0.8763079370984405,0.5951325400655816,-0.0477577224586927,-0.48472829932585804,-2.3955631236329173,-2.403246332746318,-0.08963152158018212,1.2690428716889564,-2.0426413939345913,0.07290389099585592,1.9259019808506723,2.6868520866561063,2.969382755904642,1.1674477004615278,-2.5401362091746815,2.801675511285011,-2.0119773448283045,-2.5550769363129806,-3.265191912251045,1.0721246966877607,0.551845491304338,-1.3544426322046124,0.26487800350994406,1.2875033690953643,2.161492914294942,0.085861524657,-0.6924886348854952,-1.6055320840465122,-2.078043101476662,1.5269030394267595,-0.7503117560708477,1.1131833116420902,0.8550296293913127,2.0,0.0,2033.1480850497862,0.5,0.0,1638.1566822660388,1370.286177612973,0.0,1370.286177612973,1370.286177612973,2570.201012036776,0.0,2570.201012036776,0.0,2570.201012036776
Frame_121,6.444574637833217,0.6110272197125701,-1.7628285952942417,-3.8338219939390084,-12.003453685395014,-0.5373334094625626,0.17672836788161095,-2.32494479374098,0.01930876772750889,-5.090192080380952,0.04316549039430917,1.7566426872624628,0.9592462402592905,-0.6381951661576135,-1.4111572432289148,0.43157972003277223,-0.8385648778425043,3.4655923823997976,-1.4745570599966003,-0.127464705426102,-1.2774836144472406,-3.2912031060188314,0.0005555641639234388,-0.8363710917741876,0.17038849709823278,-1.9398161365066549,-0.14053460793819844,4.314926364183273,0.11326929324501356,1.0976052726080345,-2.6481699024486445,-0.7597726423835014,2.780956313061881,-1.8566204943606501,0.9179643803716638,-1.0160196389179987,-1.2548724586328346,-1.3088142227712638,-0.9937475504534953,-0.47367200244914043,1.867917310968835,0.6822316353640161,1.288822520267737,-1.267981276881981,1.2242041224215903,-1.9960361487232436,0.4697275548698221,0.1904242565746314,-1.2803795208529816,-1.8964872902037704,2.0,0.0,1835.4002225381123,0.5,0.0,1696.3053192138357,1279.8056633637216,0.0,1279.8056633637216,1279.8056633637216,1903.9190230654106,0.0,1903.9190230654106,0.0,1903.9190230654106
Frame_122,6.192241252843812,8.417560080982334,-1.4516001601184076,7.106863182550036,1.1896743038556874,3.4168542747092023,-1.5630618692313816,-1.1863671894666517,0.21858507980300868,-0.17524897117404636,0.8794695483773838,1.3848927368838484,6.618308884934769,-2.4309389569549413,-2.135015251836261,1.9469336500899914,0.502452323905205,-3.4315906813843,0.4575084776102859,-2.386073114925868,-3.3021518595933808,-1.284482134139514,1.0701233130736454,5.5426258273180515,-1.871977701992425,-0.8794708523383358,1.8706807263959688,-0.3238648378286595,-2.211101597809526,-1.2398177786944644,-2.1343305953555003,-0.16327134945629906,-1.0001761295382092,0.24206403138952381,1.5670606772385471,-1.8913770003387966,-0.46324087032666217,-1.3801511978504166,-0.8973915585051311,1.0810219675435684,1.6790005569717654,1.489129514371115,-1.593251927033152,0.6270879696801755,-0.10462298670145775,0.8709933944309319,2.1804716203045214,0.3894235299630747,-1.5606477010340727,1.8743078599731702,2.0,0.0,1809.4345795236145,0.5,0.0,1785.9961275549529,633.9337224306374,0.0,633.9337224306374,633.9337224306374,2443.4179461600597,0.0,2443.4179461600597,0.0,2443.4179461600597
Frame_123,12.794412648697005,-1.0681365685285806,-3.373158341074018,-2.5508535600076505,-0.7076163368577784,1.2410845273059194,2.528884904140416,-3.2657885684832144,-0.5557228983096721,0.7864302246968642,0.7588079480618066,1.324839155950306,-1.832029320083174,-3.615249043184162,1.0985307299322211,1.7063302215463088,0.0060788799469029264,1.0214018832323246,-0.6843531225761594,0.1855878720792488,-3.720017671227108,0.8866330315489767,1.9752642348450002,2.818008165875942,1.2967278117090242,1.506447748361686,0.007366003815643785,0.4631100438602713,1.6000554176449637,-1.6301986246323725,1.351857228627751,-0.0594487462928739,1.545431280779941,-0.6094439331236551,0.25941764917913324,0.4302492546674271,-0.054572425997228446,1.570359127700243,-0.3102292901349246,-1.207677377151228,0.0937708884355999,0.03863273579381063,-0.07008641223486847,-1.7857057243504355,0.10582474501273054,-0.1684624900947045,-0.2875194895917473,-0.03372491954126888,-0.2196325503845698,-1.4088533158415288,2.0,0.0,1733.7996795122356,0.5,0.0,1672.9330121627431,835.0707483797472,0.0,835.0707483797472,835.0707483797472,2159.4022618671966,0.0,2159.4022618671966,0.0,2159.4022618671966
Frame_124,3.6929855095005157,0.21971330651307674,-2.4048986848467195,3.7396626345350317,0.09035761538394298,1.1111935736229959,-3.0567136647450894,5.946068939633181,-0.7014268680464342,-1.0069974480392632,-1.0595930816334622,-2.111526834574541,-1.063020853123672,0.8233456226073811,-1.7863782892596092,1.3558737095503828,-0.9046529337446015,6.31212487864736,0.8302819063062057,0.8473276725544802,2.7048956805173363,2.5993503125952455,1.020318593137207,1.2132845660926566,1.2934965661037001,0.4855220942376252,-0.693107082854695,1.4283904154087246,0.20793449478394593,-1.7893216069603208,0.6720284386566039,-0.34250211411016507,1.6276072142722846,-1.3939451843540496,-1.937804752518161,0.45323629252502506,1.1670998391034146,-1.9897611413516838,-1.2185639180827699,-0.8245334696141537,1.450978696262096,-1.1040041584252704,0.44835578194147524,-0.11286263936240323,0.8353909696205337,-0.18331503251031006,1.8116927745249445,-0.31311990965113135,-0.021995419050016753,1.2111754494469809,2.0,0.0,1895.9435485585495,1.0,0.0,1413.9792325148874,1507.6580072656136,0.0,1507.6580072656136,1507.6580072656136,2441.8120355954325,0.0,2441.8120355954325,0.0,2441.8120355954325
Frame_125,12.046236666481065,-6.851609306127475,3.627761807977137,7.751395360836543,3.345789708212852,-2.4942431100087177,-0.17000314857366572,1.3988955994689452,-0.23485543906702144,-1.3281332299035191,1.5653227431995371,1.420051346673563,-1.9379371976549695,2.8156004602978575,-0.2124052953741805,2.3750814079968463,-1.8235770928212234,1.7821565302240696,0.576703785114306,-0.35358685865929873,-1.4526132917599197,0.47062708526171293,-3.8777691978423707,-1.5734870892299275,1.3970614029754393,0.08378552325687627,-0.5743080791198286,0.6760056588966301,-0.31618192972321957,-1.9060539112576116,0.24419330996843452,-0.8805427524535145,-0.869610629509889,1.997998721343234,-0.8879192337029759,2.4745691459691592,-0.7305513970670254,-0.8558867526847567,0.951804184108057,0.33207020466929604,-1.162556970757786,0.8865606762947186,0.79644073956282,1.393892075217826,-0.8460811057792648,-0.11391303273588974,-0.8479652780487482,-0.6393724302907587,-0.0886397455441621,-0.25768400868952923,2.0,0.0,1538.3868330584662,0.5,0.0,1356.7727949629382,1114.555018359212,0.0,1114.555018359212,1114.555018359212,1952.0822958606132,0.0,1952.0822958606132,0.0,1952.0822958606132
Frame_126,4.202979121683049,-7.708096160572832,3.7361724904921956,-0.6534190332477804,5.171963544515202,1.369483758380256,0.2480350736178951,1.7611988797843765,1.4615879148260043,-0.288913875731769,-3.064894944565301,-1.8167808296784551,-2.5987666760550376,-0.21412913870605096,1.8353703653531375,-0.11969604846322864,0.3322392246654311,3.4031536223520695,2.0236125799807834,4.467482870454277,-1.9028376941005944,0.3274562179049325,-0.9807275470568508,-1.7181119068435258,0.8700094081827006,-0.16859241940179448,0.15044227205056954,-2.0211584151982067,-0.7654311262657201,-0.11612300795996866,0.034225698422582496,-0.9546407404537796,1.0483582139469052,-0.1643234244084447,-0.15212310385240815,-0.2311432924676942,2.394297415694976,0.8667043943261127,0.6751381005512153,0.49448949138676607,-0.13196201763874807,0.6105603890424708,-1.5261513598504555,-0.5436493446705488,-0.7972490898152277,0.047008513540613896,0.4234701420117693,-0.42034004161988725,-1.4757796359265143,0.8418456250344262,3.0,0.0,1598.5640883806302,0.6666666666666666,0.0,1370.7392050435774,818.3814240664113,101.56250319945062,685.5692627666766,932.148991626822,2505.5024857542994,97.81510561240495,2620.861950415391,115.3594646610918,2381.710441682455
Frame_127,3.1142925662012515,-5.904226182294443,3.5698324974194633,-2.7083319742788454,4.752131066960816,0.24337802200313008,-0.771167175547113,4.210419914958502,0.7874095185126434,-0.018970380205034647,0.6052125932848963,-0.054477359090601585,-3.427836126127895,-1.4724075197467517,-0.15551333981774226,0.16192221608898016,1.896457615794554,0.4043867605581766,0.551129829731364,1.939060037455765,-0.4804536076675506,-2.1704388181596026,-1.3127400315200173,-0.7943729184765552,-0.6244955133357896,0.22874616434144115,0.6595178778561389,-1.0763099708016022,0.8818836825445109,1.103756048908101,1.2988756781229542,-0.7041495384931737,0.8784112064293182,-0.6394317392315083,-0.24609830662892995,-0.06899616290040338,2.380334833932647,-0.03274084085643971,-0.40151356832323404,1.5298590662692526,-1.6018917079203865,1.0002275142868338,-0.9096831402853449,-0.5954222001229018,0.47875868510228425,-1.516699869710309,0.9418817400957744,0.27633899922996635,0.34780275540632416,1.3657767233680405,3.0,0.0,1672.3303374755371,0.6666666666666666,0.0,1522.427260976588,944.4947118404128,82.82241192850668,881.7273970240964,1061.520216610389,2651.550093742207,56.85684352145912,2709.1561325257476,57.6060387835405,2574.1650899880474
Frame_128,3.5893925942640252,-5.2009250274438505,3.0534916744461333,-2.782023017155211,2.6935065682184294,-0.04447635368888392,-4.621789659362487,2.9987308160112742,4.986208744606871,-0.0039681745038998946,0.21155658112793466,-0.6125194565815814,0.1298273210450773,0.21636810880222293,-0.399429105799283,1.6733029775694224,-1.2829052926229003,1.4612208463327476,-0.5356883751384101,0.5778560214463446,1.9190812273885884,0.9284396426608166,1.2925024313490923,0.007373633098231765,-0.4388155529712419,-1.4309912329855965,-1.4558752772743435,-0.16941265688752158,-0.9893761750919112,-1.5282527475357186,-0.5056532012265708,0.1750381024000576,0.38387431969158503,-0.4006976137229115,-0.09098433240240748,0.35684545152700897,-0.8176873569763083,1.3557588895953518,-0.13219514011564032,-2.089503580442724,0.11393770550754197,0.555575809891865,1.4833972768359078,0.16335450902054083,-0.9213351073069435,0.09422977836580533,-0.44283036843721096,0.59908287677153,0.30290438983640544,-0.4551176104225379,3.0,0.0,1593.0384427622655,0.6666666666666666,0.0,1364.9828933330546,994.1743917498434,187.65626060454804,731.6527435392214,1159.1115633665295,2383.6982831543205,65.82121940455664,2449.2168327624536,65.51854960813307,2293.67524032204
Frame_129,6.9027372892581775,-14.336371726940747,-1.6054941935870752,-3.5287857747438434,3.0040219468402363,-3.0157017298994084,-1.5523969884133504,0.5330312196891986,3.633978327357695,-2.249522932930682,2.104401297896347,0.8481729547916632,-0.492660926935928,-1.4034660440760605,2.142675155784395,4.221951389436347,4.46243952825386,2.9940217770013335,2.5370293135246813,0.012168040592592369,2.264057386172509,-1.983178188323867,-0.5729438752203373,-1.6662703844579014,-2.0788055944534043,1.0939596541507544,-0.9770198733870319,1.338911912507849,0.19238877658773007,-3.3675447678068697,0.08248432941798611,-0.8815188287483273,0.12575510499340764,0.45833111313906294,-0.21727183720165194,0.3878054505058218,0.3397171479777221,-0.19635092979658852,0.3991439969543271,-1.595861506578248,-0.07852131255231631,-2.052355340777252,0.3407404049797754,-2.8225569008550377,-0.5405079096968117,-2.0174937292555146,-0.7560886058708352,0.03648033647718474,-0.8830592785406086,-0.4865774305481968,2.0,0.0,1392.1978712252303,0.5,0.0,1166.2665883006534,704.2507388457715,0.0,704.2507388457715,704.2507388457715,2358.7770515508,0.0,2358.7770515508,0.0,2358.7770515508
Frame_130,1.871139177604054,-7.735927536284314,-0.12558794109178018,-1.8829413542708742,-0.8616960206411615,-1.0379807296459274,0.07237101830892056,-0.6815213403718161,4.062381093563364,-0.533690199103594,2.5133947039393485,-4.42241918775164,-0.9405895300110392,-0.7953164329044694,5.251072748148527,1.0066603892783275,-0.42960719588647645,2.1775842485207666,1.2019466767731648,-0.325564150712704,2.320220939200917,1.9999484252489248,3.724973383685225,-1.0064717834734682,-0.5888926864506203,0.3639853282034076,-1.5494607530708935,-0.37404038908856974,2.1137000559040833,-1.5648891795025486,0.4910705930894066,0.012212915036098004,-0.3259147340703181,-0.3586694693480963,-0.8869632467511781,-0.4158489921135896,-0.7293767555292391,-0.3300009167695579,0.34208589979040716,0.11367244733197895,-0.3953465841864956,-1.309659192977494,-0.9123032157524403,-0.376943293722789,0.7692000013648811,-0.6076178301367978,1.786306554769904,-0.8389713309884166,0.6139039593286754,-1.0472772645603232,2.0,0.0,1618.260877894382,0.0,0.0,1452.024602505736,649.7500739319626,0.0,649.7500739319626,649.7500739319626,2434.160758887022,0.0,2434.160758887022,0.0,2434.160758887022
Frame_131,-1.581935970848565,-2.7186062103016964,5.113171467279136,6.02294025400661,5.22534461638063,6.908676772383525,1.670241958945668,2.3446128502268526,1.6347794148780195,-1.1984487225170646,4.08253895383933,-0.87283617579974,-3.091343999494165,-0.9819733246124513,-1.4202774318038076,-1.765035053913873,-5.643318879176731,3.4242458540985172,-2.5658325677374316,-0.9863477468525195,-0.9835656537060355,-1.2143480222933165,-2.5041889955098653,-0.019258108756135428,-0.5668643545844075,-0.41473370064153836,0.22438554949107165,-0.5167416832924292,-2.357933001156118,0.03922338494046927,-0.06804330607115264,-0.2684229167996262,-0.7188950585514733,-0.17480558681177813,0.19726586778780464,1.310499934699328,0.8880603011240181,-1.109190284213478,-1.0351205014922358,-0.17427820181942688,0.3245346905856976,-1.320794573634011,-0.3899284066970989,0.08081891637333138,-0.2021280661365214,-0.7405848223779448,-0.14999905396634056,-0.951083125234036,-2.672867414349117,0.25523860866825104,4.0,0.0,1973.3324769190424,0.5,0.0,1562.2961027371348,1015.6822963146788,270.9880738280072,538.3324362813227,1280.0067506925775,2378.1876553613733,335.39952249500743,2602.0434962521576,223.8558408907843,1640.6311562261687
Frame_132,-0.6388639386903302,-0.5678233538291239,-2.3056421835020444,-0.8773875438821617,1.1531801769523062,-3.577711960931254,-5.120090419226597,-0.4440415685427719,3.7698303567597264,-0.012155322179027483,0.6248722335524771,4.7244376241972565,-1.3341787189860554,-0.6032525780529913,-0.09140753170863104,3.503617867525904,-0.6598845526338649,-0.7537569205770277,-0.3980725247539178,0.6698100766130777,1.0433409418305386,-1.3686289297470855,0.7243923378991018,2.1637102407091544,-0.2018443150767888,1.9039224941151491,-1.5125029714144294,-0.10157171719364459,-0.3254708074104881,-0.22807040981632684,-0.6832775155097724,0.08061917631507509,-0.32695171738535894,-0.6135912492842702,-0.5887757951858158,1.8156785221181144,-1.1399942729680135,-0.4591068851402668,-0.6154132307491134,0.00803888421795762,0.2262945520826045,-0.7871099502760934,-0.5394225873306006,0.9348669362786213,-0.5678052355413701,0.20988724555928726,0.14221335233189836,0.878107553167572,0.8490573586144836,-0.6638713407482043,3.0,0.0,2332.705402487081,0.6666666666666666,0.0,1928.5732598457453,835.3673066866028,164.04092000805753,649.4970592207069,1048.5244063052426,2377.705580944269,169.30347657239136,2513.346974944653,135.64139400038403,2139.01487503534
Frame_133,-4.671782453227,5.587992535569661,-9.692077084292263,4.981531587622504,6.608155126550798,-5.370796811153012,-2.0508337619781436,-0.7591370445471719,2.7693432059013414,0.5057763278010403,-1.6525681838635817,0.5904475946681806,0.1141425475282678,0.5650922627503596,3.422270852879809,3.5529077009403,0.8439526961898632,0.6200538703873599,-5.832878765029029,-1.2356720139493589,-1.7290295057977456,1.3960245864707674,1.0825121824689155,0.6472606913665824,-1.2436678366699454,-0.4821702264640175,1.0706237839646955,1.1382739651601503,1.2580889745977777,0.21730819546819302,-0.4043777757155314,1.7643719283396901,0.44461798659357876,0.7315281274621056,-2.204691462117286,1.5145578642824775,2.792391424667901,-1.4712818611495906,-0.6266125709859336,0.631273787661185,0.7375950244934137,2.1324406191203704,1.0202209645667901,-1.6547877522565126,0.08966886372478546,0.1730473910224833,-0.7280392486635587,0.6736309096460393,-0.3451511999543313,0.17097743140599442,2.0,0.0,2361.999542990032,0.5,0.0,2300.500789974849,580.0808765343398,0.0,580.0808765343398,580.0808765343398,2317.319821898866,0.0,2317.319821898866,0.0,2317.319821898866
Frame_134,6.19474895234284,-12.064432434432327,8.188359669123422,-4.89472852364587,8.206328138661943,-1.4921967791409747,4.665332882654653,2.765079504771739,-1.3079250290655693,-2.1045633679530065,-2.903256616075746,-0.04534471752021152,1.2360578568045217,-5.996872692114454,1.340405407624607,-0.622694946116824,1.1223527784238647,3.275147953260988,0.48743335485837164,1.3579908847479594,1.4121913443536735,-3.8047869682433406,-0.2642152224161741,-2.255190407622198,-2.0982491971177484,2.5744644046274976,-2.913873119351261,-1.8460017050861421,2.0279460163780354,-2.3799556761763805,-1.044728127432951,-0.5334322881957795,0.3572387123365899,-0.19566292683349773,0.2018605209105394,-1.9253848928126707,0.7002336880426706,0.21779799560887553,-0.2710743753703543,0.33222610189541524,0.6588279536560852,0.8548726879395432,1.1723303032518033,-0.38930378016428274,1.2717017718466108,0.0298187069739686,1.2970669825117924,-1.249541565910035,-3.100365451604711,-0.1653299878161153,2.0,0.0,1956.8462680161065,0.5,0.0,1855.8787566134704,727.16521285947,0.0,727.16521285947,727.16521285947,2461.0147918685757,0.0,2461.0147918685757,0.0,2461.0147918685757
Frame_135,-6.617979841870632,2.8231087488822344,3.828847768697661,-0.29062541104905026,3.3418330785818493,-0.7811221472110317,6.943442038981772,-4.804199455378124,-2.41329119061352,4.468642223763657,-1.3649301533092866,-0.5924210917643287,1.5351656187370442,-3.5862106946937717,2.091457047008978,-2.04068678858991,5.285987348824636,-5.474185896158039,1.7213810127997984,1.6759769626831909,4.099430635015075,2.676268164089373,0.33340737980378327,-3.7505445574570735,-0.03529278275034898,0.5501072743579076,-2.7283990013798567,-0.3759274416081232,-1.1109193805487438,-0.014732203563824098,2.988455858467262,1.6311890015768524,3.0725516788386416,0.059306248480631096,2.0469740779716945,-0.024113219625185423,-2.8245524216124465,1.2051891076313923,-1.935333054126438,1.6370996558806257,-1.0394555423686604,-2.1219118012424767,1.5181540209348972,0.42254393134746027,-1.264140504212045,6.211422976838796,3.2799650976527515,2.2902563689109963,-2.540228761682444,0.4121945572396916,2.0,0.0,2031.606551116442,0.5,0.0,1536.585651991058,1903.7445174089921,0.0,1903.7445174089921,1903.7445174089921,2507.1059710633444,0.0,2507.1059710633444,0.0,2507.1059710633444
Frame_136,-6.887172620139124,3.6426509349062695,2.040343309994976,-2.2297998465474937,0.42917611973445835,-4.768827274496381,0.4889175215883803,-7.465520165012403,1.977819033662259,0.9283355773325113,-1.9344904881695988,0.0850274924708232,4.993243561250557,5.60311260258101,-5.044671862760135,-4.91574895388946,-2.5233221801392305,1.751835919741666,-0.137133025043925,-2.341045755876016,1.3987217571632735,-1.4891494433963781,-1.0694346698488109,-1.239390464087614,1.3776435070200899,-2.8201093037382567,-2.4456017987751855,0.7151816673575161,1.5070708482310382,2.0130071377816487,1.5390914622892042,-0.4327005478314935,-1.0987531301858373,2.380336686567436,-0.9703475508475029,-1.6383786307218378,-0.8701313776828279,-1.4758408363577997,-2.5384081084687384,1.8395501462441917,0.5323573476682776,0.27475069311140793,0.5834829929677074,-0.9458710255361719,-1.7253672256580455,-0.701327837868087,0.5895244196012132,-0.0783551711348699,1.00212240109706,0.3210105912617912,2.0,0.0,2897.6490421140725,0.5,0.0,2716.873112541938,802.3841526894705,0.0,802.3841526894705,802.3841526894705,2077.5121057200495,0.0,2077.5121057200495,0.0,2077.5121057200495
Frame_137,-9.307719235791916,-7.936075496353615,2.95020145517714,-0.8609782002941151,-8.028280370709535,-1.5573975764421593,-0.37472165635113563,-2.268973828091392,-4.49009737012925,2.196650312861359,1.8819914379944787,0.3553618379629149,0.1347404195581652,0.3283311156653328,2.223469402983392,-0.6374869119976558,-1.6153270121851886,0.6923011287817529,-1.427821432703829,-1.0873018945076744,-0.22146877352847427,1.3477853619641218,0.49083571504602885,-3.2009665306111326,-0.08283942164380748,3.50948818970572,7.314976459833036,-1.4954445206792852,1.772058385835019,0.3237449606372455,-0.6143083046561781,-0.5482034234092197,-0.4624828934226014,-0.8514430245186654,0.051774741585209116,0.714276333958829,1.655137203787793,0.5222555512416062,0.97771476423291,1.3108310778635472,0.6295908698628324,-0.11190790208867407,1.57255340702628,-0.4137736051368087,-1.543213819819448,1.190553141726124,0.4848279485061252,-1.9726770218758474,-0.18057426837519006,-0.9418042995415103,2.0,0.0,2748.3861747782694,0.5,0.0,2592.53333057937,747.5778576011844,0.0,747.5778576011844,747.5778576011844,1988.0319509554643,0.0,1988.0319509554643,0.0,1988.0319509554643
Frame_138,3.1742788336948635,-5.415215365023509,-7.137239823669067,1.9266908175957793,2.1764001830362725,-5.220566952563789,0.297724820103474,-1.4250843199133105,-2.885853444305192,2.130905670080316,3.1794771890899693,1.0465122962186733,3.5129670935772626,3.174978546908979,-0.9304235895739793,-0.14060254276570483,-3.3449992878575645,0.07449401963063718,-0.6709027040614189,-4.163574988192429,2.06000842803114,2.223872009448197,1.5953364888638333,-0.7619865732822444,0.9502700777350024,1.5732604772600598,-1.6441406299407215,-0.863059540508422,0.8404404626204249,-0.7631616633852861,1.455863085415064,2.1067384841566206,-3.013082109362273,-1.8897311259828933,-1.0467981843772522,-0.5007662711891732,-2.2077999782869364,1.3533545099734838,0.06262608883031308,-1.0643647944753605,-3.410504409543358,-4.350584156781218,1.1581434061983178,-1.9901460374997157,-0.12680258940430977,-1.377745650266692,0.918806072019207,-0.5917870720359111,2.1676034121355428,0.23472175257854563,2.0,0.0,2383.4841926436184,0.0,0.0,1472.9513923581796,2710.560752127044,0.0,2710.560752127044,2710.560752127044,2166.3733273209573,0.0,2166.3733273209573,0.0,2166.3733273209573
Frame_139,6.6440074621020795,8.177248065009355,-5.754320163155029,-6.783174523618416,-1.6628018630897483,5.120979055765699,1.7717531255797736,-0.49776781701919015,-2.074973392845332,3.316702311431308,4.315873586719874,-4.702282573313161,-2.3125061234757904,-3.9825020525896355,-2.030755846742545,0.4521001395757977,2.133283468334801,0.45542904918661553,0.7133940021627997,-0.5508768399624975,0.47439934079722523,-0.01607675859301614,0.5730293392397049,0.3778938874990062,-1.730702613394305,0.2816206526616488,-1.5275371598704908,2.724250943526682,0.29487453978632105,1.9099264762134844,2.322499310090933,0.8105094898781948,-1.2380396261616058,0.6125708481018206,0.12734610281493994,-1.1101769969215582,0.19612438506495183,-0.10927534479159343,0.3680735980151566,0.6888107701779613,1.1969749749694283,-0.28742362208146144,0.968634621737176,0.47816422495216243,1.019564819913093,0.40968266334401304,-1.581719238992432,0.567069531023317,1.2305895925401478,-0.7742744826201706,2.0,0.0,2076.138281323224,0.5,0.0,1704.6252097680717,1204.953230519623,0.0,1204.953230519623,1204.953230519623,2393.419109859051,0.0,2393.419109859051,0.0,2393.419109859051
Frame_140,-10.023580996941977,0.36095123262399786,1.1179761358169258,2.3146418727695552,-4.697806174615267,-1.1571088782314796,0.2879360709915084,-5.0125993428158555,-3.18326494205175,0.08662156631235884,-0.5714049828969993,0.9863010601043173,-2.028401446712845,6.616072030810153,-1.7252708673440877,0.3766469923203522,-3.0315817839189614,0.16936931522124704,2.01802451297804,3.9782015574492675,0.6396185317164214,0.47197757426114906,-1.3657409006793813,0.5637401172977128,1.0353017718317097,1.4094106051547608,0.040042052851093385,-3.2635701178995142,-0.8286361164090599,0.7384244387350186,1.030004833179676,-0.09088022098955634,1.6504683823305148,-0.7842207068391887,1.2331831347757753,-0.40234540532948665,0.39934838350590074,-1.5269802188172101,-1.7162000756291436,0.13403307503166706,-0.4043423176583389,-0.909598335611254,-0.550345771014403,1.3669824380114306,1.1045076965290266,-1.0825728810253923,0.7615136028628418,-0.6274437809557697,0.703628185271447,-0.8217155295180649,2.0,0.0,2703.7703383761245,0.5,0.0,2495.961373907344,739.8037677278161,0.0,739.8037677278161,739.8037677278161,1942.559142212188,0.0,1942.559142212188,0.0,1942.559142212188
Frame_141,-7.2902190706933805,2.961466718544341,-5.536116000997292,-0.29073015899796384,-0.8507751924146297,0.9308189632802131,5.110702317255763,-7.237609285610024,-1.3609702889210342,1.5768517380927753,1.8969193207831654,3.8391929714500725,-0.17280933765411777,6.178604466589276,1.8211685357748486,-1.81153560002216,0.18760985344281894,0.547560254053492,0.8241448039377516,3.6402482799209337,-0.37866803177015707,2.602531527821112,-1.0840909303834088,-2.7818351516878237,-2.2243143496704,-2.3302382320071198,-2.3013479962481194,-1.7104686910561953,0.6438473550398202,1.02516937505325,1.7922921837647694,0.24749184525140588,-0.22778624049635124,1.265089303075985,-1.4256654449858372,1.3972555203674528,-1.743205255366947,3.906358582553701,-1.4626517190495942,-0.013160862633077364,-0.4437789480211235,-0.236906288692944,2.8458149004831705,-0.5500803092853372,-1.4388984092943602,-0.06514588144403882,3.410777316451606,-0.36462131768197525,0.24939092730110374,1.5178111092561122,2.0,0.0,2659.098325865277,0.5,0.0,2519.169446491064,843.3878907230251,0.0,843.3878907230251,843.3878907230251,2115.979100131644,0.0,2115.979100131644,0.0,2115.979100131644
Frame_142,-8.977410264493324,-0.4015228470529384,1.6975481288517957,-5.567885844989402,-4.257596556472044,5.084734791689082,2.7558794999318614,-8.772891469695617,0.4933485692120989,3.424681622549584,1.3675313402582177,1.4731906364428042,0.9573110405230599,6.6631399632806945,0.07503704664543864,-1.9237999661250955,-1.4617706510510473,0.0410385177889348,1.5662035451360337,1.1591514712540545,0.3856758141067482,-1.1876631191294815,-0.9359800290317736,-1.9358835272124,3.6461189894638486,-2.80773865403248,-3.335648341222469,0.8491294403660673,-1.8083869990103782,1.6237991884617637,0.6506387200495354,2.092575516177175,0.014912398562089368,2.391871213104016,-3.7812908400095737,-2.8075764891812547,-0.6884397482147213,-1.5821832610210669,-1.0361828543489005,1.3174230487082375,1.0738310796944321,0.7048471314744899,0.40690492876511364,1.232829092954629,-0.5638721260322168,0.568655152443567,1.5343642497209264,-0.4867109627777519,-1.2703859952431649,-1.668896220135455,2.0,0.0,2786.7629159157163,1.0,0.0,2554.179385953581,696.5551252068227,0.0,696.5551252068227,696.5551252068227,1869.919354623513,0.0,1869.919354623513,0.0,1869.919354623513
Frame_143,-7.832870897554919,9.873636030506319,-0.8268161077563758,-4.254197886881086,-1.1573384424714293,0.11523798384098807,2.234426885436422,-1.8437408469378787,-1.3923203103127049,0.7855716239160029,-1.3766254757071212,-0.691263623147349,-3.590750695803195,-2.174988557935903,3.4892388405150987,0.364328449966437,2.8217083173327975,-1.0548200655933766,-1.1204737834077516,-1.9107756215958105,-0.5293999128026752,0.04066745652467507,-0.3341438440024398,0.6233474775762861,-0.9910269735143982,-0.24845093433960241,4.113467758726711,-0.0389901821218213,2.288958212856433,2.1566475919692394,1.4620021205810558,-0.45051550154743125,-0.31157884619393944,3.5883368289301605,0.9144217438436969,-1.138758074186867,0.127024668803389,-0.25724586716478726,-2.3167978561556297,-0.5770222621378825,1.8235370261119674,1.8517550917481433,-0.277029125880373,1.0249387580278229,-0.9857246192996996,1.3540896171003627,-2.191356733775354,-1.1756244030092877,1.9254295759064513,-0.77431977449152,2.0,0.0,2527.8195216385343,1.0,0.0,2440.888955931706,783.9263052719646,0.0,783.9263052719646,783.9263052719646,2042.867334999391,0.0,2042.867334999391,0.0,2042.867334999391
Frame_144,-3.110194623183971,10.306317641807581,-3.1230603291667007,-4.411510519857605,0.5936871790905127,6.642245011880964,2.3495584855682705,0.4230402707905604,0.7456286963637404,0.9563461216034586,-3.293854429419099,2.582865897960469,-0.6163347577916993,-1.5407458390294901,0.19267385365478917,2.19626238382182,0.21843455248078847,4.2066726609848235,-1.2071040403022186,0.3831495603892552,0.28482002861700145,-5.007710769886451,2.7910667260453916,1.2005082950188743,-0.5789217443948187,0.24395000942515588,-0.39392437728654417,0.14306458899493113,-0.04146911708467782,0.7265825098910719,4.062990226741916,0.3050183999620578,-1.2557114582930642,0.493954582459212,-1.1334646904410446,1.3645549019480343,0.4689681410127575,0.5511084985844517,0.5183923608095347,1.0160333072752625,1.7071447409243832,0.1875405525634684,0.9716659929136204,0.1199037864107963,0.8157725313221105,2.1597728218092955,-0.03760302913830893,1.8265945746763332,1.6438240306824512,-0.5983295477128134,2.0,0.0,2431.629075134736,0.5,0.0,2302.9103871802167,884.9442365377117,0.0,884.9442365377117,884.9442365377117,2257.106109064882,0.0,2257.106109064882,0.0,2257.106109064882
Frame_145,-7.548127848187386,5.98178331710865,-7.137061734125222,-1.9835165816641154,2.0111341142583763,5.284002328479259,10.311708124921166,-2.361422200894279,-4.562999938910166,-0.3715814174737875,-0.12849115965357488,0.6351356922985919,-3.3525901780865976,5.295734473310728,-2.9348961527536317,1.8774818880003734,1.544021625882404,0.6313108095274939,0.8021058646156778,-0.21388866103703322,1.0771077003970129,-2.634775449409292,0.5254154998726979,1.505998330630374,-0.3241484266543402,1.6432549941710568,-1.9203035506481436,-2.3736344757852574,1.6807567580317417,1.05414128146986,-1.5230089645429532,0.8579859680664783,0.2729022176883544,1.4892397634048327,-1.7497765118824786,-2.2837142702647877,-0.5184331218407985,0.3229392394738303,-0.026569096694079974,0.6241566248823975,0.5906213961307908,-0.1527490696789024,0.9271149080953129,-1.8653508487545438,-1.8079172600038884,1.915631623844656,-0.3494979340487447,-0.7343621632432986,1.9363707972029387,-1.587765530304885,2.0,0.0,2555.244765089242,1.0,0.0,2295.9294351108633,897.5897610005363,0.0,897.5897610005363,897.5897610005363,2071.903560148262,0.0,2071.903560148262,0.0,2071.903560148262
Frame_146,-0.8553519918357715,2.393489148964425,-5.70088251664445,-8.487447537757877,0.46321109577612196,-1.658263752848756,4.444155691087001,-3.641947015087392,-0.3487379846928085,-0.6910054555993188,-1.7874540090227513,-5.758639150723874,0.22368809496019448,4.076708840226722,-2.727517770776513,-5.2538361047741455,-2.4073818882238482,-0.8774606425763352,1.029386697005159,-2.834395725957178,2.11623638277977,0.5357049124476698,-1.8732544098914474,-1.188224414121895,1.864979771245617,-0.9560846114580774,-1.4249561292900355,3.347177889335345,1.2702356935869086,0.6811254220139286,0.8103293736008683,0.6937705689392656,-1.485670397802471,0.9738866343370913,-1.3549635266636524,-1.3523134122866207,-0.7046108753891592,-0.6654652472861305,-0.6219972992502213,1.203872623593833,2.013015366576448,1.5682430487298085,-0.2554418893277782,0.5563433053441131,-1.2264761893849774,-0.5065481014973807,-0.39472801262165635,0.2287734456812361,0.12958320682074165,0.8821876606894816,2.0,0.0,2122.6586198411487,1.0,0.0,1283.1706543686837,2070.28552112995,0.0,2070.28552112995,2070.28552112995,2514.1010950872187,0.0,2514.1010950872187,0.0,2514.1010950872187
Frame_147,-9.70300462766999,3.8040618176411645,3.521844106605813,-0.25649446975192447,-4.231021794369778,3.120599707175284,3.9945619120474287,-1.318803384734779,-8.882980252003872,2.7332606860436917,-1.0561743083628774,-1.6271354537731133,0.5018254741120913,3.234392711573741,0.7951973406560909,4.328146611925413,0.7435791396948265,0.8944605014534373,2.0359290579540636,1.5586330273716091,1.5665857107252519,-0.7413306652842522,-2.4921047286398927,1.8034231576920925,0.39958863990173177,2.990234369891818,3.572733611863537,-0.7103922620821369,-0.7300918798211471,3.101942938563592,2.033433033542511,-1.6802022066787052,2.9898302189660653,0.9730396799265071,1.47466081523442,2.467793709885331,-0.3321618318825224,-0.9485517591469488,-0.18672989388835393,-0.6890405588986585,2.2337089609782597,1.6535558420251482,-0.0807585518460148,1.0728239416909682,-0.7335806201308882,0.3069599543392455,-0.18998281279276763,-1.4435041620273599,2.362256001463053,-0.6973970252901762,2.0,0.0,2538.4954651099924,1.0,0.0,2421.2484439588425,719.0206665969446,0.0,719.0206665969446,719.0206665969446,2202.1403583282595,0.0,2202.1403583282595,0.0,2202.1403583282595
Frame_148,-6.95646794274646,13.484455959445285,8.32738537145444,1.7632906647877915,-0.5881892678519258,-1.8214482926771143,-0.5680074574271196,-4.0419164818970446,-3.2521498938922124,4.4943933682410355,-1.2912342636933198,1.1205394365634282,1.1167944966683008,-1.5150713195069325,-0.07177101215781678,2.0645119168671733,1.1352596468454659,-1.1009193497929557,-0.37145829474946446,-0.1283785365411283,1.0715518521907812,2.6106622573743947,-0.866075712863754,-1.5770802715333092,-0.25434773017993173,-1.4446937069099628,-1.0984993257450668,-0.2229932530380314,0.6536541891213621,0.02326250104974692,0.6971738237505771,0.5254855185461947,0.2335990232819385,-0.935284761146024,0.5858943423879764,0.1562768135294461,0.7044569718682626,0.011401541064701308,-0.02685337766700109,-0.11166975072727545,-0.6071839143510382,-0.9449332089648268,-0.26473389037314915,-0.08048375235716931,-0.12184513748686035,0.4046306954384403,-0.36359325344544857,0.9162498302030737,-0.7363036736762671,-0.5154502891770387,2.0,0.0,2807.781125696092,0.5,0.0,2741.3643207429745,902.8082735658934,0.0,902.8082735658934,902.8082735658934,1871.0161468490937,0.0,1871.0161468490937,0.0,1871.0161468490937
Frame_149,3.5042777620947017,-2.0937740901371016,-0.7656336192720357,5.53440125693788,-6.460546582106081,0.47632026666174304,2.193592437016936,-6.11177224256946,-2.242800778787232,5.010014813725699,-2.1634642746727395,1.920486326354987,-4.4516705021787555,0.5652064256390119,1.3710606757406443,-1.5414630508761078,0.39856558658681307,0.6642154612320551,-4.997874298076486,-0.1327846210116575,-0.008010309257135528,1.0460980744436155,-3.634018543290683,-0.018318702995797242,-0.7896173330322976,-1.5504218262351108,-0.11195382215345677,0.8656437739159362,0.28733370944320913,-2.7049093821479984,-0.10429106223455609,1.637982513302148,1.1020307987791664,-0.8587402163200523,-0.44942280727278816,1.096039386746067,-2.063972187559585,-1.605957459034729,3.228858113744878,1.6151570495511238,-1.4695868478920118,0.5770629213242127,1.515183790821286,-2.1977556418203257,3.655974435948934,-0.6466277153988182,-1.3301916089139794,-0.8162308036215782,-0.8725309645016361,2.4758199202744184,2.0,0.0,2803.5674144161976,0.5,0.0,2675.9497272434205,702.1330097701733,0.0,702.1330097701733,702.1330097701733,2472.893971278879,0.0,2472.893971278879,0.0,2472.893971278879
Frame_150,-2.315859165540818,7.026404491886703,-4.154564388567154,-1.5470358449008197,-2.176341708957551,2.329060418891681,5.789885470324301,-0.9291835635922259,-2.3647292725473292,-2.0777861724894864,1.776871117235495,-5.755487049676743,-2.417279975170429,-0.28728443359585776,1.2223706361860207,-1.2541733597821851,-0.837364170283303,-1.2228454571575045,1.6982880385934136,0.3491311662973602,1.4560800479045661,3.5064385020597193,-1.7576512573315233,-0.4945439409153626,0.45271709114411895,2.553074745235583,-1.6444001500116987,0.6163075785418555,3.087040204013156,-0.15353088513102753,-1.6175287072713984,-1.7053802829428133,1.487100196602079,-2.134637162754345,1.7807904132473618,1.4884460719948094,-2.1353415916168546,0.6516997497857876,1.5882203339976155,-1.4340240183112156,-0.008236427953672826,0.6046673294671555,0.4973894473237702,0.767899447680694,-0.04873192245750213,-1.7112625286824479,-0.350099513010356,0.9501807039132346,-1.15258837212316,0.04095287201342496,2.0,0.0,1952.5886035762132,1.0,0.0,1357.8159436089447,1576.2165636292807,0.0,1576.2165636292807,1576.2165636292807,2361.548951902755,0.0,2361.548951902755,0.0,2361.548951902755
Frame_151,-10.53063661282096,-0.26669605097202975,2.315517429134123,3.0517260637027803,0.3212128959599134,-0.7661800632982102,3.0996034400779378,-8.481620184225081,0.5494590192968659,-1.1325405435783231,-3.300318765583526,-0.11116940920151763,3.8905040326828253,6.171160508616017,-2.7850258719705328,-1.3975461841769123,-0.6493256074655603,-1.6788630333434291,1.8483336845543943,1.2308278220748499,2.69690579790767,-3.1024237490447044,-1.5722776032976151,0.33244321582635405,4.598536192739157,-1.1359308209839827,-1.9607778834501108,1.391110147370429,0.8005458180768372,1.8858369052257358,1.9722795543101366,1.1711422181838977,-0.6683192206690165,2.360030763867835,-1.3526889224798917,-3.051946313892043,-0.5872759808907555,-1.541640453706315,-1.742656956629336,0.3737942257425435,1.5696069705698446,0.7227364685935688,-0.728658091408366,-1.032027845509898,-0.3087379624826747,-0.32869967222843843,1.3003350814673662,-0.5656919706359177,0.756193953117635,0.6148930312242016,2.0,0.0,2684.5627473641366,0.5,0.0,2482.857237792043,779.3147633727216,0.0,779.3147633727216,779.3147633727216,2088.4162646704594,0.0,2088.4162646704594,0.0,2088.4162646704594
Frame_152,-1.8702115498632066,0.2653464234899081,-0.8101735738269632,-3.3570348382080923,-1.2343948466836012,-0.21098244176789904,1.2536079306879382,-3.2379363001583723,-2.869471669749943,4.08740316916819,-1.5760537798605372,-1.749581853604661,3.167457273259488,5.390999041487848,-2.2602589308154495,-0.4878516633323507,-0.6471591705678875,-1.1765823687080623,-1.203772260777759,-1.1454340602539412,-0.4661927345648104,-1.3477376643486447,1.2025812405857004,0.7058456823687008,2.105600584281127,-0.8902307128612525,-1.6594052561303299,0.1664383482566484,0.3312015990876129,2.04667467823885,0.8438454066164124,0.06594341168631741,-1.4596676859547706,1.2321209957750943,-0.001955923777605969,-2.884894532581819,-0.08293666064670491,-0.9218366633608367,-1.3540876087297977,2.7141293660575134,0.7303350095259681,2.6111585752293283,0.25089065176313463,-0.9416201867604572,0.8547001134763614,1.3920235554694471,-0.271777113558812,0.8498660155858214,0.7678347209577242,2.3716113735437268,3.0,0.0,2698.0228570574122,1.0,0.0,1371.4295677786965,1885.0508402628577,745.6598477796946,924.2725873982462,2741.8596453824957,2296.6634358540027,241.7461219907527,2502.6825527194296,206.0191168654269,1957.3725327051989
Frame_153,-5.457135500542739,15.242313492874281,1.1282265757417818,6.077098958738594,1.2025336222890746,-5.059475956295939,-1.50468724996786,3.2356344397051013,-1.0964172894992756,-2.5317199833478887,0.8103431846326954,-2.4832044748747073,0.012645077606640243,0.7150613080174724,1.2389664862257965,0.14590326521854569,-0.4553529240530415,-1.8890443335950127,2.2575320957352734,-2.0585479297705116,0.8575541427578844,1.784204245020293,-2.0492389001065527,-2.309705151404848,-0.3624001383383474,-1.7341903700850558,-1.233146436613599,-0.16580201055734828,-0.05858114969219208,0.5598160616990872,2.1734069259145548,-0.4456334989444387,0.1642137191849866,-0.3539183163670736,-0.5832834974021924,-1.8315001041557597,0.2727062404516136,-0.3848465263916533,-1.8890478742408705,-0.648876316962005,-1.860259187131172,0.6344099612915519,0.32304528628252527,-1.1541848792772862,0.7506516428363634,1.2031741959821478,-1.9572903709740859,1.8683469479628776,1.707512639526786,-0.047895603012470145,2.0,0.0,2192.260202759206,0.5,0.0,1364.6671227326535,2173.412193325452,0.0,2173.412193325452,2173.412193325452,2455.9251711240213,0.0,2455.9251711240213,0.0,2455.9251711240213
Frame_154,-8.667179251321347,-1.6706672988983304,-1.4681288957725085,-1.1885863061255455,-7.615392970076565,-0.41454757977670353,0.6292670535951355,-4.932403863663504,-2.604664774797313,2.264796926993658,2.9515085919287714,1.2289123351511513,3.3737011119714158,-0.5592429916355823,3.899869328965802,-1.009934416419999,-4.009158432846821,0.5006333243294778,-0.2514342392798643,-1.358403055338759,0.869837638237863,3.7138877338650333,-0.6288412864345082,-4.625092138820673,-0.7417262369769522,5.385488768818049,9.642612291252131,0.4677479577052923,0.07774999498424195,1.4379345310319345,-0.1337013860665081,-0.2720442269334109,0.5592115102144581,-0.05020602456896717,0.7177441834412451,0.7138904815508951,-0.5665138960869198,1.6918085788037205,-1.5256773234108367,0.4432989763298315,-1.0885176933751095,1.2994315412267337,0.6452428864330226,1.0957907417472303,-0.15013459957753678,-0.4796054746896288,1.4702814192624094,0.9582167653904021,0.6269960702495891,-0.0738811882393251,2.0,0.0,2816.0423645045244,0.5,0.0,2743.786839037916,667.5033220442118,0.0,667.5033220442118,667.5033220442118,1923.9817384770631,0.0,1923.9817384770631,0.0,1923.9817384770631
Frame_155,-5.651599198115465,3.3804863908825498,0.9336274709677248,3.068460060328882,-2.833313136304527,-1.7498676888822804,2.85961893309433,-4.442364130050471,-4.109277120236131,1.129760569454938,-2.9198111971186056,-0.9802435949748494,3.3636571049266855,2.8111029774535186,-5.170945086648432,-2.689754891548847,-3.2033957172017797,1.8378504680130914,-0.7915283514702742,-1.9921770903760125,-0.4285631761216697,0.2937481508956329,0.7581963455783716,-3.2050150031100264,-2.9455525673019567,-1.1027917061596595,-0.9361620617148072,-0.7206195826290863,0.10576482066095416,-1.4144593640290437,0.0953289326743728,0.9329400908686464,0.7090516161309828,-0.4661064483148966,-1.098091056524824,0.6121361099537126,-0.28113483845067666,-2.0670309338424335,-1.9471544025235588,2.1207194468671555,-0.6903972827248698,0.6197016295997276,1.653784847674695,-1.6052770175851752,-0.5506670051473268,-1.339646670239858,-0.3561101869164793,0.9140576998631195,2.6142943508245464,0.8552262218957905,2.0,0.0,2767.0341958679755,0.5,0.0,2757.377772744577,873.6028069049236,0.0,873.6028069049236,873.6028069049236,2089.2609163182296,0.0,2089.2609163182296,0.0,2089.2609163182296
Frame_156,-7.573167760030136,-7.3559085635347214,-0.7859097280485765,1.2796962055462853,-2.8029203903024387,-3.973315265120702,2.0904454726693493,-6.776824597473274,-1.3454484864753269,-0.606965905063666,-0.701597735109372,1.4550169622317894,3.479312498098135,2.5554457599398432,-2.3864872091666256,-6.036416471717712,-3.1114401842924355,-0.3123351380591047,0.4478722630063816,1.1628068908117903,-1.8437532516026365,-0.8139682240080406,-0.33918435317449114,3.6117057668775545,-4.641640093792958,-1.6964544157117114,1.8005091659081367,-0.8720088992746191,-0.09708837315932306,-1.4877234528832646,-1.132943608956784,-2.257546076153915,-0.3574511776318451,-2.983110398299717,-0.3651700225375435,1.6812290117711044,1.4947136538205241,0.2718306620686052,-0.3452025793594699,-0.6008901371689999,0.8535739598751871,0.7049404125068327,-0.15103862299600085,0.3788988007575766,0.022102660882944214,0.18316699327954988,1.0606221863199576,2.201318722660196,2.4229932529460054,-0.2188605485438126,2.0,0.0,2631.9434854018696,0.5,0.0,2606.304945871163,812.7172487675666,0.0,812.7172487675666,812.7172487675666,2104.313696530056,0.0,2104.313696530056,0.0,2104.313696530056
Frame_157,-8.302429886866861,-0.5577953347631018,-1.4456625829381649,6.05902956573894,-2.681522389170837,-6.250541828648778,-2.8921625131031914,-3.452424005211733,-0.49752803595974004,-0.8409042557080719,0.9106275401665351,4.134809338517805,-0.5309572186882179,0.6263493336481061,-0.728376533289913,1.8554751704639405,0.33019569568733576,-0.43722331073285214,0.9058322444406588,0.5626087389874066,2.533171440250545,1.478674976080244,0.32588839997637853,2.0377185475256363,-0.3539273718350117,3.302476948184624,8.95156656350216,0.8112238627704891,1.058107735067998,0.21179115170716745,0.2878908821220228,-2.0264326366076366,-1.2243689426439477,-0.23522884656814935,-0.7359720551130131,-0.09049391378826986,-0.8091182178943483,1.4340779144143085,-1.477089174781172,1.7801221188223677,0.770556971383271,-0.9751401477287436,0.044085735923525604,0.8925593179750204,0.8157932700974255,-0.2652129769020585,0.11440590412291812,0.5963780185788679,-0.1365775169271169,-1.2162989138556424,2.0,0.0,2849.690617891013,0.5,0.0,2599.4849040572713,868.9532102899464,0.0,868.9532102899464,868.9532102899464,2335.204643463998,0.0,2335.204643463998,0.0,2335.204643463998
Frame_158,-8.566399625571972,10.27333376267457,-1.6863927751615986,6.5904191895381965,0.12434049706069078,-3.3243900898294925,1.404811141315578,-5.954217864723239,2.2128414859578847,-1.5585472754216516,-0.44135047400392935,3.369360557737367,-3.108324743186484,0.8189990870243058,1.5644224768883417,1.0362646862244937,0.35492591277535024,-1.0337735813053632,1.185369562977981,0.07432500597839795,-2.038067296541567,0.12827162162839134,1.848685476850964,0.6674756399846509,-3.4296428465487527,-1.0491198527059349,0.7440107285370069,1.6111099481207847,1.8001451449817019,1.8265650304894296,1.7517686659490235,-3.065684874659386,2.2422186333477576,-3.56586941376368,1.627319230629153,0.18564046208020582,1.7697980309613,0.7393890756455188,1.4608800246048284,-0.28950372588274886,1.058243442490614,0.49839419406941393,-0.2391342604091311,0.27831224048139425,-2.3122671801873174,0.3055725012005974,0.24897120200619646,0.36294742844109273,1.3994045049434263,-0.4887322249759087,2.0,0.0,2519.0035246694415,0.5,0.0,2461.00622487186,678.380234474893,0.0,678.380234474893,678.380234474893,2214.9370760864913,0.0,2214.9370760864913,0.0,2214.9370760864913
Frame_159,-0.09453358837037884,12.268219940851798,7.602423422047771,2.9516376345988595,-6.46930409548997,-1.3943083259464157,-2.210837322346344,-1.2143117849681055,-0.9818412064847498,-0.2701634494265292,-1.8361104558382544,3.8668774941993957,1.367581491057089,2.686681598302955,-3.6431630254574614,-1.3024459910134407,-3.4195552565310967,2.605058591336688,-1.752751078925837,-2.1280852381811717,2.849623332798362,0.49533998467531193,-2.30790528994978,1.9328923850927835,-0.42270885147122716,2.3017601135442396,1.3815033273291932,0.8685127425124948,0.2742250332438659,-1.4170126948186825,2.591083392263739,2.9624646514762576,1.9964847767505056,-2.7222746697902043,2.2295568253056848,-0.6878932474927945,2.5553732084364285,-0.6077514878476509,2.225958278144878,-1.3207275268290226,-2.4170048881691963,-3.0775818059887845,0.359564231666999,-1.4659033689728977,-1.441639473258874,-0.9095761553764239,0.2437489212110286,-1.3885832015209432,-0.11836142931646237,-0.9781487793545989,2.0,0.0,2709.699796206198,0.5,0.0,2528.5480370332884,790.4304908397836,0.0,790.4304908397836,790.4304908397836,2478.945318823504,0.0,2478.945318823504,0.0,2478.945318823504
Frame_160,-7.108325740500218,2.1486269922392407,-1.516798817373227,1.893263678047489,-8.832692899910528,-5.591947130012498,2.2935257858790568,-7.7101644039940656,-1.0707228713789987,1.0778067453519036,-0.6347323036590784,6.637048569946321,2.5821795035364983,3.821244527971167,1.6864561809707823,-3.900143463326484,1.4195382264862773,3.463440865856437,-1.9352876750708918,-0.5617918627471881,4.56295205144194,-0.3211990447286057,-1.5294937088180993,3.9512628309225732,-4.560426663425048,3.1096005901121764,3.7325504819316,0.13396150941420992,-1.1310723070337136,0.9492490272202075,1.9766589700656971,-0.09702964305227946,1.651847911720512,1.4120080487899447,0.12560830087649938,1.752506030280668,-1.594291169067746,0.018408136848190093,-1.104488352785569,2.500498002897796,0.5732966328641402,1.196524736377088,-0.5369719353770546,2.361343129599396,2.9941638503839796,0.9657426044085873,0.2022123511556857,-3.213209937343892,-0.2368764101605404,3.645686829319538,2.0,0.0,2787.790534857917,0.5,0.0,2420.175372870081,1027.109085983705,0.0,1027.109085983705,1027.109085983705,2099.319335051132,0.0,2099.319335051132,0.0,2099.319335051132
Frame_161,-9.300004660922273,0.4408656993212353,-0.06440981132827073,-3.0797385901951824,-3.713324592354088,4.277743236390645,-0.4931834777371118,-4.205791701027392,0.16069930371447994,2.353881963295195,0.8134650347145931,4.781998336020325,0.6588823311595277,5.177970553853803,-1.0422351681634554,-0.6558150050002551,0.7707313499999243,1.8542263588342836,2.9225036024673043,1.1103130051197436,1.5258961465145098,3.895976280425703,-2.9848601547734086,-2.23651843834549,-0.2944347567947668,4.639278808182234,6.039256230813254,0.9546987718425939,1.2171255095796751,-0.006003358709875076,2.2213499817066755,-1.271289455063828,0.2843600205383041,1.6671261948766145,3.255310039682033,0.802221730957971,0.1168329250702469,2.9901349853163706,0.06697056337476104,-0.6159087587546125,-0.5636099250342185,0.28098471422629717,2.5122339074538336,1.4352387132941278,0.07712550460285783,1.1633427547996418,-0.8978300816791099,-0.2964057144005624,-1.0386493259301903,-0.8905995367291379,2.0,0.0,2674.4218370756535,0.5,0.0,2501.26526976878,731.9687413740371,0.0,731.9687413740371,731.9687413740371,1785.8350806972492,0.0,1785.8350806972492,0.0,1785.8350806972492
Frame_162,-11.75286125185927,-3.8304165660969653,2.3979750247553335,1.4285538590731015,-4.128219389239861,1.8319794591968188,7.59323818718531,-3.0414247651103934,-3.598629723977205,-2.1921042984023447,4.006354483695034,-4.42627223549337,-1.9765137386481657,3.8964062624971003,-2.1671798425200426,-2.7397878315750956,-3.504114248956409,-2.4842323471768615,3.019142666226463,-1.0360551045703572,-1.173944310400453,-1.2391427608217254,0.9442247884769432,-1.4100423152660495,-0.22549525671371615,0.24621827364386706,-0.824293637330791,-1.0222777768125173,-1.5565180037166568,0.3975026447748728,0.0670751983881597,1.3661857358277858,0.2272895686218147,-0.23783308615815052,-0.9181437438909814,-0.17737576201136035,-0.45354774902191,-0.8262708726456375,-0.3391504655528201,-2.276210499638539,-0.21719461379111893,1.8144598918333363,0.28838262485974964,-0.8568574558020748,0.1554043890420218,-0.3409347665573839,0.8498188113481853,1.3122728228802079,2.0979458348722364,-0.4846987360742838,2.0,0.0,2478.699683492653,0.5,0.0,2467.6587997477195,671.5662845634654,0.0,671.5662845634654,671.5662845634654,1958.1874018773722,0.0,1958.1874018773722,0.0,1958.1874018773722
Frame_163,0.2982639493871213,8.345717854174099,3.830268354674951,-2.1890475595463204,5.645381920831452,6.487138653450642,6.913457848352641,-4.494540916049424,4.389715730148823,-0.28618744639111426,0.9106553167488879,6.264189105191434,-4.931862556438261,3.3840621784426426,1.2028190426285517,-0.5435273050325231,3.776808352628775,-1.3968993120943312,2.1002666899088895,-1.5327864516580965,-3.634118808639547,2.415921842407677,2.024381365552195,0.07547815609234032,0.8613806838110178,2.231036011633372,-1.7828561799060725,0.9114019268946285,2.7824723825877733,1.2430043113723008,1.6778134939820184,0.619471851167402,1.9460557192128523,-1.5204162144156348,-0.15095798306461672,1.5535963536941746,-0.2468112606712698,1.5999693562648822,-1.662212070759931,0.0683106065019628,0.6335840205502421,-1.2197821885868974,-0.5677765945278409,0.5787057036655799,1.1808982621222874,-0.723974374698123,0.05650172558121268,-0.8326502463763354,1.1420884962842537,-0.7606008397453842,2.0,0.0,2026.1608187927973,0.5,0.0,1787.4946771988923,716.0287597790756,0.0,716.0287597790756,716.0287597790756,2655.847007776102,0.0,2655.847007776102,0.0,2655.847007776102
Frame_164,1.3235355640827433,1.7342156509992783,2.7445810202182757,6.316201986583116,-3.1035755652152868,-0.5745452890551598,-1.8480523156569797,-0.10461905371404745,-2.182755838819992,-1.2645266223886382,-1.1247543560478708,3.1857068504120645,-1.6222761918855895,-1.3205923339609624,2.206656465023921,1.040740662889729,-2.266035683547564,-0.6487218046207838,1.2761465082856718,-0.3201157192178729,-0.09071940772868702,-0.8410471054983221,-0.3763947415731706,-1.8198954802882774,-1.1416474328490567,0.08815924579616367,-1.98879069921177,1.0651154407292314,0.08891998788845286,-0.7377075604780926,0.2129344891906899,1.242715052108665,0.35973495348729817,-1.0492597752013921,0.4687989200495582,0.7111616767286496,0.9249874153489928,-1.368687965881293,0.2787177617390045,0.7609778798868062,0.514230953594604,1.9562364937601304,0.27458587992823463,-0.37476488527557045,0.029841499484561145,-0.07483758978573125,-0.22100928041698528,0.4117172244159663,0.24873954814338453,-0.5821236776256109,3.0,0.0,1895.785874990904,0.6666666666666666,0.0,1355.8554590254532,1259.3616378946201,252.08370900106593,906.3911519846598,1479.1847577353687,2441.914813971181,8.814870920327293,2451.2441507996036,9.329336828422583,2430.0894521708915
Frame_165,-8.280525736945723,-0.33928578737073956,2.2652030372388485,0.20661684950234693,-0.012166888747602522,1.3796732869666404,2.039209342387636,1.1188731515358812,-2.141453361115707,-1.2383311259293257,-2.9469327810928525,-4.796986451718136,1.895340521742556,0.00892297981431689,0.5219685569967463,2.77895938533271,1.3880582621560749,-7.432146247801513,-1.1001935415670931,-1.2846687433497244,2.1830735838915905,-0.5886785633929563,0.30885213663376887,-0.6585028769399526,0.596272549256516,-1.2728250384278799,0.5860694482703658,-0.5860204582151042,0.3141641442548385,-0.23807130875912538,-1.440017600330092,0.6593569021649845,-0.19952187697321122,-0.704180765141857,-1.3821028498851202,0.8444945346371606,0.9926971583673039,-0.6897796996140866,0.3968615782999636,-1.4178698678566244,0.4706923818209496,0.4400295320476083,1.1208833841102657,-0.11146991814289248,-0.7892838399380002,-1.6284098585270539,0.20533007732447217,-0.553215225913057,-0.3231453839496139,1.4958804167607853,2.0,0.0,3233.101697999727,0.5,0.0,2454.7023934574754,1834.2474139371288,0.0,1834.2474139371288,1834.2474139371288,2444.486935461555,0.0,2444.486935461555,0.0,2444.486935461555
Frame_166,-8.414339786781541,-4.510208697280912,-4.490491346654577,-2.6803831520509966,-1.5856607466621153,3.2311114452319867,0.9917843960306197,1.4883494077819683,-0.9593562037226103,-0.27130056533403263,-4.52526042721461,-0.8137973573189111,3.069867919750037,0.008006405016539672,-1.5174546841441738,0.06783343409103522,4.45113910974405,-1.32816790030708,0.7590964383115462,-2.7749316465724028,1.9108387951444235,-0.45642136089639895,0.8435522011631318,-1.1396549775445548,0.4723907429037517,2.184276531758036,-1.382383217521704,1.13785104011042,0.583069753199749,-0.4673629381831618,-0.6559131274005083,1.176822325994084,1.9026151550721957,2.4321656366056863,1.7208477771562274,2.066068266175576,0.749446837214661,-0.07091432920456202,0.1515889268979139,-0.5464520950528158,-0.9695930066921004,0.15843307523346897,1.5278111319081746,-1.3404175288153377,-1.089950697779506,-1.370747559451199,-0.3747794766726937,-0.27072225436546304,-0.4415495490305081,1.1057864172970413,3.0,0.0,3408.3760045909767,0.6666666666666666,0.0,2494.1673076559614,1594.104297646227,614.992679153636,736.1667196486409,2146.6907525086717,2075.8975632658426,91.56620812619197,2170.0270177102025,94.12945444435991,1951.8179669571086
Frame_167,7.499154906901696,-0.9742453776410271,1.6809548703283221,4.790257960088018,-0.03362648050469452,2.156761550980931,-3.2699401000762696,2.0731729481230072,1.5944324746746867,-0.8327388821459001,0.7422055069869901,-4.000943630761732,0.22460921228699704,2.169693694499993,-0.13084294851799383,-0.17922843083274564,1.4998721570828082,-2.258771680696604,-0.2129483974140884,2.590373214317948,-0.2453678677189689,0.7187774367453683,-1.6699127226934865,-1.0376687034703744,-0.4097437039880704,0.5799094765650181,0.8575962509069999,-0.370268814125374,-1.3106062551946773,-0.6329999211981077,0.574064480463899,2.178630197533857,1.2058161486800687,-0.6480373138504362,0.683075848610576,-1.5568061745127042,-0.25215331390278495,-0.6786017222710556,2.0334347707662994,0.28432091336167586,1.0123235247426197,-1.0531230322386567,1.139565197452003,-0.4057139993100035,-1.0129529419560541,-1.2924654627836891,0.00029099269917876036,0.0974662474545055,0.4452524599578246,0.4107461387844653,4.0,0.0,1802.9391655856932,0.5,0.0,1250.1673326190862,1345.1409478424127,329.44995254365256,734.8401532421108,1714.1164629230325,2294.496166313705,269.7195790008461,2584.778557934258,290.28239162055297,1892.674398852808
Frame_168,1.1986579523848289,-7.475366043148637,-4.068957764567081,2.67949949732676,-0.7205777121326815,-0.8044638722275892,-3.201055449942993,1.1563618829182527,1.1244274900022568,-2.567556620914192,-1.3507888522399214,-0.044322885351557775,0.020156553363168683,-0.719159932217817,-2.533067881019794,-1.1532091630502421,-0.14572637053881107,-0.6600392025314124,-0.2158248625646028,1.676081955815483,-0.36684923580345086,0.24894902703194238,-1.109876122609744,-1.418319372665524,-0.9793840116845665,0.2851348101051632,-0.4909978171462191,0.37947747979801816,-0.3934178737535551,-1.44250125189633,0.46639253186482943,0.7077913811691362,0.30214778525386515,-0.00352777498777499,0.018697987779483206,0.3842722607591169,-0.2244008246232283,-0.9201709220842982,-1.0374626405425023,-1.216356841833213,0.9688731937229456,-0.30260059370816783,0.010755130071652363,0.017302656128903894,0.789183742237468,0.3451643795210061,0.6764073368437484,0.6272192995968481,-0.16306630042329892,-0.058192088686847665,5.0,0.0,2034.1715865696922,0.4,0.0,1324.562358110778,1581.5556263545718,436.18743237198885,724.1315298661286,2344.619118618104,2253.3396198566675,215.67311163540282,2497.1030497099214,243.7634298532539,1824.3490868701515
Frame_169,-8.148126881273987,-0.19137373428420487,0.6830866101386759,0.727103590016787,6.994952527958838,2.9908695955995275,-0.922801800298903,-0.33207958480936595,3.7840681194648216,1.1943795771620198,-3.4840520075671044,-1.0501205600706804,-0.6736063578924313,-0.16903824606200682,0.6014051113028694,-2.406904106889527,-2.0112516478366804,1.2450281045839193,1.0054914362306897,2.668770490085772,1.738792338330552,1.4940576535286605,0.32036502420422575,1.0135276585107098,-0.7102472976518892,0.41783622679826093,0.5664259500227399,0.9947551326807128,-0.7990875484292993,-0.42617318290557765,1.2099249605485436,0.2216424934843563,-0.7914902133993177,-3.6849669474245665,-1.8068625508464269,-0.6199517441966571,0.08069633961706717,0.9055254242746741,-0.10040360651655611,-1.6115787423163852,-1.5334339578617753,0.04692271324343711,-0.20751238168033262,-0.18264165642589583,-0.2488279541929117,-0.5395304145171345,-0.46941224281467303,0.2159058056233232,-1.2566877958236848,-1.0710029476751945,3.0,0.0,1851.6953254144203,0.6666666666666666,0.0,1517.3651528017747,956.7002650627497,243.16939980303107,616.4453785162261,1170.0364416749883,2067.7778100923433,18.91985895966805,2083.834237636517,16.056427544173857,2041.213551826632
Frame_170,1.4554680229189554,-4.699815169111385,1.1378090757304875,4.135360711240425,-6.100637736205128,-3.111000694992733,2.902204381165023,9.622221075238011,3.3825179944729196,10.789243192474615,2.1574484879424505,2.8026143160631554,0.9046843376267522,3.638120508574758,0.763193277144064,1.7052917527463622,-4.097174955154328,0.42891585996946746,-0.9991784375154653,-0.04952909138299555,-2.0623783618903544,-2.094309203796357,-3.9090558395804704,1.6607024620657458,0.4233834708993331,1.6017737056550168,-1.9643970348831266,-1.7074990479739438,0.08337862709864674,3.7936125418497872,1.0638418308389213,2.085576875068417,1.027825441668365,-2.0868467873568646,1.8855886887334101,-2.0401280515154308,-0.45223630634535367,2.4224681387072278,0.5504341743733784,-0.1886248800026415,1.1437816917274661,-0.06692313557688939,0.6198899772496771,1.6050370155164018,-2.5271974107414366,2.289091712137761,0.5131408771155525,2.1571460628821404,2.427286449518064,-1.0187716052878646,2.0,1.0,891.660041314713,0.5,0.0,0.0,1232.404154044693,0.0,1232.404154044693,1232.404154044693,2744.7566245667676,0.0,2744.7566245667676,0.0,2744.7566245667676
Frame_171,11.520491179707033,-1.5841944278815492,6.46422030616954,-7.339813764912872,-3.1393061052540174,-6.565289683927514,-2.8826489506790356,-0.2595828632807988,3.778802802121853,-2.525622698269384,1.4777539676604718,-4.068312859938717,-1.6740340620516387,0.1451322830939175,1.788647985347849,1.0951807136564238,3.494813954468343,2.583791408768318,-1.0126641748999274,0.3878247554859059,-2.0729552080562628,1.1251203852253018,-0.2824054459906217,0.9097396566736121,0.10738730958391185,2.051922573477652,-0.6944764005218166,-1.482055700750031,-0.29976316560268296,0.28641795747124454,-0.6766348996152143,0.6474156164992578,1.7853637450273183,0.005267327042086267,-0.42016946640496744,-1.0942929539239463,-2.0625552172715675,-1.211191211109141,-1.0419619052787816,-1.2435154418516665,1.219270545974764,-1.5049990421915185,0.4179810986977768,-1.4541695065055258,-0.25199512902604804,1.2064539612050664,-1.4817676297752795,1.579876642368927,-0.1650106608990702,0.5432891361065707,2.0,0.0,1884.623756646858,0.5,0.0,1736.4385745410268,1288.8696751863192,0.0,1288.8696751863192,1288.8696751863192,1729.2300466551737,0.0,1729.2300466551737,0.0,1729.2300466551737
Frame_172,-6.486803482309515,-0.8457652455140625,2.484928287973095,3.971102193721427,-2.1979602006307633,-2.0306518672656866,-6.71608071810801,1.2476259905995812,1.0315187051623285,3.395143658419914,-0.3204154125733618,-0.4036896087204557,1.2973464217509616,-3.5068636970239946,1.716828088133425,1.1297945349400016,0.26428757371483114,3.3977046051820396,-1.4240659625077674,-4.070867059686858,1.5306959001559761,1.0898332607414205,-0.2814840229873571,-1.7568854842790758,0.8810807961177652,1.1370148697330624,-2.7637338458628644,-2.9749305409915134,2.469385398309096,1.6257746240043363,-2.749181578383991,-1.5876372404743617,2.001845167190911,0.19843747748045032,1.006432592893932,0.10615378723952616,-1.0212756230842512,-1.5668385623851657,-0.4505708504281321,0.6127188984092579,-0.5724134221242023,-1.0057686721519108,-1.1474890312398796,1.401019664053528,0.20957004009733607,-1.3529031460172274,1.010707283656987,-0.4942697913206046,2.0890060536533923,0.4977368509953226,2.0,0.0,2578.36302995193,0.5,0.0,2537.9023968008137,1284.5526872185183,0.0,1284.5526872185183,1284.5526872185183,2119.47675342855,0.0,2119.47675342855,0.0,2119.47675342855
Frame_173,-5.239536662109372,0.3894654964959211,0.28277750293738446,5.980266946599693,3.8247412310442392,1.2232029989868458,-0.9643730401771404,-1.8133074110260534,-1.839530358936945,4.469097763300979,-5.230487337626511,3.9857712718738205,-1.9750481873901622,2.312162359034004,-2.03781157322979,1.8956294930435897,4.176480288782417,0.7465047694420166,-0.05563768304027139,0.9239213164846252,2.616718466509836,3.3497741598220756,4.5817642177071765,1.5631825393162178,-0.5092717886082112,1.0152814136813568,-1.5093958182823328,0.5442482046168098,-1.4588422815964481,1.97318897997083,0.9844168123270698,1.9357124505925816,1.6270530024239673,1.217915700021186,0.5055966888810894,-1.7803717551023333,-0.3331204291476982,-1.3026267810397036,0.08570147930278671,1.0961513371173857,1.5763956632938994,-0.8523744313169814,-1.185309902412564,1.0501573432853222,-0.31930112318466075,-2.405367469337879,1.1742944174530208,-0.8803902157067672,-1.6011811046607551,0.9853887779265723,2.0,0.0,3269.2586598920034,0.5,0.0,2435.9773175261284,1962.753752725529,0.0,1962.753752725529,1962.753752725529,2010.3609014607905,0.0,2010.3609014607905,0.0,2010.3609014607905
Frame_174,-0.7091193298895888,1.0607987539620751,2.0225684770408585,-6.450362310698349,-2.739202258352688,0.7655090626343652,-5.082687809786279,1.7557510424823322,1.2098200695513266,2.212036222935761,0.17488142719551392,3.5730945409718347,-2.5249386402228495,-2.13458365009654,-0.0678014876734987,1.3259132086522023,1.573196101042297,1.8071736963155929,0.3069804581081992,-0.20927134838051376,-0.4316396778402696,-0.3456291864884494,-0.004568152115921098,1.2656949946164942,1.7246226094538741,1.145453887625576,-3.2000614845815822,0.06712531930959557,0.9198429079628861,1.6548083101240487,0.8705621862611315,1.279344264301763,0.5743841634619156,0.6514683336395023,-0.46393256382457937,-1.196956227906563,-1.4815488181774832,0.5895993210915079,-0.8557319224271172,0.9566668850225679,-0.45366492317169926,0.25669108246702066,0.34289885992266,1.1633851542070712,0.8114879943976837,-0.33878535174738345,-0.6156749791101994,0.9196388266452113,0.4775815114497698,-1.7866715832517244,2.0,0.0,2690.1010359021207,0.5,0.0,2402.289853476385,1114.7611943532386,0.0,1114.7611943532386,1114.7611943532386,2551.566945857951,0.0,2551.566945857951,0.0,2551.566945857951
Frame_175,0.6571896194341516,-6.462239036734873,0.7597495857539771,-6.3733102336866025,-1.1878853701997742,0.29333890974860755,-2.8039557539752744,1.0243792416839892,2.0807916352561446,-3.48518622223904,1.6678184254294177,10.487032549205193,-1.2827926629437578,-5.3971885656280945,-0.6015426309978074,-1.652429588351513,3.4888079686731075,0.07087637733512653,-0.8015503390620207,-0.7095850823564563,-0.6206363549395556,-1.7949226136418424,2.7954795970133866,-1.4818804895022917,0.34368819386330574,2.3685509924329056,0.8095542135718059,0.5602758885788308,1.217400495257146,0.6347400797966823,0.9341205094224501,1.2420414579955406,-0.21853891305652995,-1.2393133413054516,-0.4260432667774263,0.4044003367525577,-0.9527369622096376,-0.08525858232294137,-0.17394311229295412,-1.7037875124993644,-2.104816563589514,0.5172099178525755,-0.5988031202726669,-0.9621638041817002,0.25716354733521374,-1.2029020263911998,1.6797533140488952,-0.5921902002907423,1.0840840819032778,-0.011898641594664805,2.0,0.0,2734.6133947862027,1.0,0.0,2660.89471596392,620.7779555362875,0.0,620.7779555362875,620.7779555362875,2541.8997988196024,0.0,2541.8997988196024,0.0,2541.8997988196024
Frame_176,7.398756538209055,5.2212567847956,1.165330785106736,6.431156438348871,-2.7935858530248234,-2.243948961638237,-1.635771927020186,1.2048930027773885,-0.25122443130294947,-2.167087772091735,4.5723689169945745,1.4166501129833202,0.7069281900771072,-1.0987856462905006,2.0268265129147984,-0.5533765420572041,2.2312014445422745,1.8961970303426494,1.0916800451904793,-1.4174716713466875,0.2968424597208727,-1.1333702448151222,-0.023714360196190554,2.8143454604422224,-1.0504794459895899,3.9940594420642617,-0.5084223923692388,1.400906679138075,2.41322022098664,-0.3328932253079151,-0.3908872518929729,0.24656063155390556,0.3658470398023781,-0.9187987473256816,-1.713356589445135,-0.7405899740941546,-0.3505733678799704,-0.7055504953435461,0.31913845564943744,0.06077606618050557,0.37227511364112065,1.1392353225702818,-0.27738243918948524,0.3188609203540416,0.1261262498239013,-0.17460211320060315,-0.2724000619515552,-0.6556980846603662,-0.6716434276818332,0.4925533767187795,2.0,0.0,1753.0890795587181,1.0,0.0,1666.4638932996845,829.8021890927863,0.0,829.8021890927863,829.8021890927863,2464.1642459651935,0.0,2464.1642459651935,0.0,2464.1642459651935
Frame_177,12.506713846809005,5.37372108979936,-6.393440460677615,6.7347822111845055,-3.349703233809329,3.07990947174852,1.8880465574943306,-6.579866906880038,-2.506338903890203,4.714019250076573,1.7902322285675374,-5.418908975416978,-1.8317186587284553,-5.913332439602179,-0.23826894609514648,-0.27943056109171194,0.3464884212368057,-0.5817589196030266,-0.49944065111806446,-0.4997871603578312,-2.509796359066122,-0.8203926908956825,-0.8764643256758397,0.16599804026952097,-0.25168121099367546,2.107278057879558,-0.881959681483043,0.32136755593216504,2.154895682843955,0.10247416157684777,-1.5979072689008555,-1.392868542873888,1.2835097919120566,-0.41734813746036037,-0.009495360973619471,-0.05034224972321681,-0.480573332916478,0.4691777397509802,0.035492352083738354,-0.47123239038905623,-0.06494895262213385,-0.5443383407716589,-0.4187719007834084,0.26323657334878986,0.15865186677207352,0.22015258799514842,0.4888953579474814,-0.16838687615911602,-1.296497329749989,-1.6681146692107895,2.0,0.0,1727.0587395080302,0.5,0.0,1654.8156956209923,630.4567278345888,0.0,630.4567278345888,630.4567278345888,2334.792010620604,0.0,2334.792010620604,0.0,2334.792010620604
Frame_178,11.899636940764239,-1.1867022004254286,6.461841010541363,-5.708288228200064,-4.468862076503532,2.981650388252641,2.3872517501080206,2.9789255953300464,4.3295804306241905,-5.234490144083764,-1.8503101780450344,-4.503835298705813,0.6909177572082867,-0.7316649838908535,4.400520683424806,0.04102183284210126,-2.389501857111882,0.32117067433527824,-1.5279456476688287,-1.1121255147225626,3.2081845889200706,3.8275570777513277,2.322157851072051,0.7509372411196731,0.7368881675596289,1.8565370507712253,4.505975364347118,0.14381637480860932,1.3151477699339955,0.5722009215995288,1.635252929754602,1.6390683384911844,-1.1208893530608381,0.1852464678734953,0.16207442258081073,-1.8439555414130755,-0.4758682069302488,0.7969388114676268,1.1839755816856428,0.17163199642772886,4.155368830670864,0.23562882959101575,0.17691400409962532,0.867409661683062,-0.47545105585062986,1.8384581753826985,-0.8536121139549946,-0.7595883275952878,0.8460973146587181,-0.17046167873198653,2.0,0.0,1817.4267890064298,0.5,0.0,1753.8417677164528,552.8829875705901,0.0,552.8829875705901,552.8829875705901,2185.5779169896077,0.0,2185.5779169896077,0.0,2185.5779169896077
Frame_179,10.634803892384397,6.466141330529994,-1.5996313692155564,-2.2533509703451378,-3.649891940159531,-1.5989811347258558,0.6679336771183628,0.25236116999778974,-2.000667731186322,-2.3061113145759657,4.672251508260968,2.4954169000229554,3.8777794990519134,-2.449295168560407,2.1309119038757425,1.4383185339080304,0.7046223971868653,-1.5833933079945748,-2.546301825668676,0.6994693951007003,-2.3586895273741395,-1.007797991850146,1.2407334822804474,-1.2984038012419648,-2.4329816723757096,0.6347129142419933,2.300497487130327,0.5383933576872549,-1.0004531020493994,2.2492012343850254,-0.6974179935431326,3.6693947306489036,1.845552412374943,-0.26536332925745953,-1.8236904276517465,-1.5472714068539215,-1.6075862033329023,0.45431880301417804,-0.8496214917246894,-1.9331911401408326,-0.16599385825028956,0.8613738115549461,-3.0947124885654183,-0.20720580186030393,-0.7727154595394243,-0.23889132884096892,2.6455198300265,-0.21998790629449988,-0.5474837483288053,1.5269228929049778,2.0,0.0,1788.7868883775445,0.5,0.0,1652.121461963537,769.6928647713726,0.0,769.6928647713726,769.6928647713726,2085.1872827725692,0.0,2085.1872827725692,0.0,2085.1872827725692
Frame_180,-9.582704522771687,3.8513217243203384,-4.347800577394807,4.960248002984874,4.928650418195371,-0.2954245574579386,3.259255290540371,3.4010343180449976,0.11472427335920621,-5.608516894420289,-5.067135918881769,-6.063449509407221,-0.49752442704810423,1.8448676291403123,-4.686865808993119,1.4658963020385114,2.324720631458174,-0.8874314169128029,-1.247111516007434,0.4779478202569992,-0.8372724787939596,2.1306651573954136,0.8302304542796201,0.418895133025434,0.7271711025503762,2.132985203895147,0.6943246687011336,-0.004048485198032498,0.5244128138665853,0.6704093326156546,0.018549861668381684,-0.8508842786864199,1.1362025799603193,-3.5351998067680155,0.7949780598695028,1.0612902873176373,0.5480476693753732,-0.36172625707743367,1.270172642064586,-0.36915066636157845,1.1540495347840385,-0.12884510775885216,0.595648838947548,-0.29681963876833267,0.3084112587952874,-1.9096166261889946,0.3375738603747312,0.9389411634271719,0.4032500789742305,0.7935383905328866,2.0,0.0,2417.5751186270154,1.0,0.0,2227.531992373302,713.5971800691958,0.0,713.5971800691958,713.5971800691958,2322.496859709614,0.0,2322.496859709614,0.0,2322.496859709614
Frame_181,5.079717781853162,7.65573100510702,-4.475093306344818,14.499649452788953,-6.930885142962918,1.5796352306077408,-3.027786607893807,1.6391361994181066,-2.4593697689631795,-2.0672571518484886,4.082305057102479,-1.9309749419227966,-0.3329047544781851,0.5488569153924913,1.997499050829612,1.2949573075944116,-1.816133487545482,1.0759557386497607,2.695126702005515,-0.2906590435437264,-2.2336152276634422,-1.3795383330794653,-0.19409635033200856,-2.08823476481779,-1.0148133447176053,0.9603216201102343,-0.5856320524038009,0.5973841975775633,2.2366523234930247,1.1283069589121255,1.5774343339427936,-0.9805107351631663,0.8775091232601853,-1.4964031227236338,1.0624471847651153,-1.046696333900997,-0.7805734970217423,-2.311423071050358,-0.226841871528482,-0.7245303367062029,1.001923256057768,0.40959133597514974,-1.340482650671054,-0.7669900024037153,1.1996267125064408,1.0967882403682772,-0.3743976549294348,1.09110161480515,-0.3558334367039041,-1.0290123641668902,2.0,0.0,1826.5430728913516,0.5,0.0,1768.3744782628658,1388.3177079134668,0.0,1388.3177079134668,1388.3177079134668,2446.67611212309,0.0,2446.67611212309,0.0,2446.67611212309
Frame_182,-5.757419446932449,6.435233135315502,6.230807447234673,1.1935399453696907,5.059562940684918,2.6970102379807477,-5.409037269553104,6.846058342682067,-1.7306998360783352,2.3107762542224224,4.015230715170468,7.044140977112459,2.0126775489219435,-0.3925226465443072,-4.132138117189192,-0.5701366075441126,-1.2913565100319868,-0.960529820780357,-1.558035525166868,-3.790871206332924,0.8946635650168498,3.3040778510530227,0.44879928102093447,-2.248208840066927,3.2865756447204606,2.291281808569897,1.683288298061472,-0.8671984130929398,-0.4414224753661035,-0.11215655339386044,-0.8726758866711286,-0.7815228015190843,0.37390018273273834,1.1670732764219869,0.3308528675690685,0.24025518056270323,-2.5675830451189974,-1.273853604279151,1.0866868269712306,-1.220341542248845,2.743003399726569,-1.2676063090204677,1.0462447135329518,-1.4648777557744945,-0.4079288693676543,-0.4941549074324894,-0.4827480692460633,-1.0085976400104757,1.297804770729589,0.48951289533962783,2.0,0.0,2854.6293253341955,0.0,0.0,2447.9029040282935,1045.2244995793253,0.0,1045.2244995793253,1045.2244995793253,2362.358430382629,0.0,2362.358430382629,0.0,2362.358430382629
Frame_183,1.7090353887858516,-9.184957120542853,-3.14497804945322,5.301859266813079,-1.4630804969354738,2.2688930244389818,-4.824620602249466,6.197968761228883,-0.4563136111523106,-0.4815853566840109,-2.960650061989239,-3.555788106322505,2.308621214946438,0.8862185048089413,1.6738747346440532,0.8565925858106899,-1.207396169334162,2.878558197488238,0.6949349545123097,2.511287568692018,0.9672767009060239,5.245306374546466,-0.44678185461716835,-2.619332306418075,1.334044883965411,-0.43265393481854,-0.6750265696017097,1.9923984768619123,0.5445826820991265,0.32732555979010236,-0.6869754137026126,0.6370177919786765,1.7872093714920219,-0.8527499514423532,-1.5209928338984928,0.47407016768563026,0.46297872118024574,-0.3731261386269103,0.6527222555694064,-0.7088126334115032,-0.636286568313668,0.2830044510804353,-0.7687474774719845,0.18660589132105954,-0.6188310721240037,-0.413822320475544,-0.4000353099613214,-1.1483730979168625,0.9126524249922137,0.4981004170767611,2.0,0.0,2128.836990669024,0.5,0.0,1767.7292162047074,1229.2587956212483,0.0,1229.2587956212483,1229.2587956212483,2281.4396600424,0.0,2281.4396600424,0.0,2281.4396600424
Frame_184,0.863941814832256,-7.414807889934231,-0.36603898690049874,-0.6315088752143261,0.7963073079117939,0.8497281846754108,-2.284121079821431,4.00464412264024,-4.020268995701861,3.4895970137469385,-0.9235669320250756,-0.8496272066130244,-0.3109699012262308,1.6410675556103094,5.075666378724556,1.9962114908780952,0.6693675395121059,4.294781832108845,1.8733735245596632,3.6340229986676285,1.5833443549721589,-1.4638201770661436,0.8759609616013166,0.23563890488242856,0.3910722968999204,-1.5819579563867672,0.4969898207556566,1.3969362242845178,-0.4333394039372174,-2.5146285532919936,-0.6333900231996868,0.004044709676464919,-0.7511420514120978,-1.3620447472887312,-0.44518917458763324,0.14077566001841235,-0.6071685074984956,0.0879684073762208,-1.2142756832276358,0.31538744703170407,-0.22596293107717857,0.25204450274386486,-0.547138525719449,0.9281754542935806,0.08530822669365778,-0.07426471538754353,-0.27024415204972096,-1.4570702147079488,0.2513450308667758,-0.5433430957445751,2.0,0.0,2042.1374597712684,0.5,0.0,1692.7789037582163,1250.6775945880156,0.0,1250.6775945880156,1250.6775945880156,2413.7553678214445,0.0,2413.7553678214445,0.0,2413.7553678214445
Frame_185,5.876402348759936,2.7737431708996283,4.4268725893252965,-2.234124957868678,-0.8024667177647934,1.1821452213159358,1.48848504080771,3.6611035669923524,-5.293399531200149,0.635956074154171,-0.5373955119153252,-1.0626999734360252,0.9026418676014383,1.3433511402059135,0.04081699492270167,2.6963179349149624,0.14006377448111454,1.1767637794760415,-0.7636347028489805,1.9025761330913913,1.5272113812063235,0.8599920547229418,-0.5498996148953647,0.9618664613244586,-0.8675915780907474,0.515870099595832,-0.7855885603925623,-0.2994781499535612,2.077600343175068,0.05521071921935827,-0.8499372074463655,-0.015471383884090861,-1.3933554406225859,-0.5241119726377786,-0.5747156260646141,0.8302572221136467,-0.7461373385204849,-0.7650454328549836,-0.11377713433559326,-0.4176720585202176,-0.04998992967417885,-1.044941124462176,-0.6566589718343226,0.19581337691312325,-0.011905475062528925,-1.7554614604239498,0.003274785670232557,1.0139809724384252,-0.3769115279064708,0.3639112547005951,3.0,0.0,2089.6186924510794,0.6666666666666666,0.0,1792.579219188721,950.969362207311,228.94167440327996,740.2999224559112,1269.2247851252225,2470.7139850495596,79.47065125362235,2530.51279850344,59.798813453880484,2358.4043056125784
Frame_186,3.761727700696786,-2.8495941715549598,5.284270387707411,-3.671610880717974,3.574967329096456,0.40081280299602756,-4.144730918750665,-1.6312993555606585,2.2507348214719447,6.289492823402271,1.0475801783092897,-2.0860509677078896,0.3565973249814928,1.3811746755040242,0.3209302238735905,3.361455521623327,-1.701591798672218,-1.2324836234834162,0.05297111971231653,-3.2668323614361348,-0.5797532857029387,0.8733889817380933,0.18486691033102934,0.5995821594456212,-2.5144401687353084,0.2513183786474819,-0.7733411534250347,0.029200170824468758,-0.8943576571312525,-0.5432117548387488,-1.9940349336478225,-0.23969633715614916,-0.9454657184218203,-0.21377992825245606,-0.41137246112175513,-2.236101560956715,-1.8270436259319849,-0.8187673459645929,-0.31270419345601486,0.11753673203397412,-1.484344550224968,0.6525750149013022,0.917409323889102,-0.8208326282804697,-0.4289319766856037,0.7919997578480981,0.9127545422348534,0.3959657565406672,-0.17917167645952892,0.33161108354304186,3.0,0.0,2166.7566476684183,0.3333333333333333,0.0,1727.24659762543,1199.2443598083137,283.77034002733063,815.1620240298662,1492.0276654854026,2435.2581433668597,48.61880923666439,2486.370399860548,51.112256493688164,2369.873183295829
Frame_187,-1.6055148208209105,-11.112580130054575,-4.1555746835588065,5.388912905933178,2.2420089057792256,2.577105593855813,-0.6506983680258857,3.190319315949262,1.7185413690506641,-2.732457070309378,-3.6553333107489734,-0.1798893234785068,4.018521941802853,-0.27638395830857615,-1.8433256573094188,-1.0272328100483328,0.5847224943243275,3.1230945239971923,1.207332710167057,1.403895144320261,-1.1961298049397804,1.3501941450311177,-1.1143024723376254,-0.5323062256483221,-2.907499715203517,1.384435311787506,-0.40693813759710507,0.42667877074184113,0.22629442653923926,2.4592695114100125,-0.4598237939966756,-1.2159676951110143,0.9659775303690995,0.9810311627054529,0.3187082638324176,0.12253618073396366,-0.7141134831152712,0.7445983916056743,1.27173299594902,0.5364279801058073,-0.6670859919809528,0.6711260114379681,0.7163811156643739,1.1846581362473303,-0.711563458596563,-0.24540657428523036,1.3557022907028713,0.14479679933486622,0.29890033186048176,0.5819249515945079,3.0,0.0,2119.6982881301765,0.6666666666666666,0.0,1568.8770569838298,1081.4953203448972,290.13636281047366,687.3707119848896,1377.3908595783946,2349.6123877794557,212.8236313581034,2545.6903736599593,196.07798588050355,2053.821240144347
Frame_188,6.484868963119271,-2.216033682384663,-3.0451362717414923,-2.516709893554566,0.8626632113351214,-3.858228165011545,-1.5482353886265428,3.8782839363724997,-3.3060434262207665,-1.1366793525977552,-6.278446767169764,3.0471195228934786,-0.6438938145676626,0.09145793314009358,1.813536677425392,-0.004082825095605609,-1.5255649704724066,-0.5506354195810388,0.6211955673207276,-0.08525759634447587,-1.3283797940546516,-1.137279295658075,0.44030971610772696,-0.0572069950819775,-2.1213969162532007,-0.9434139952061237,-1.9268470332935006,0.3667624712961217,-0.025244549074904993,-1.4474820657409577,0.02459944515442582,-0.1496764434887717,-1.0518848654477044,-0.06651767367957863,1.311259630467225,0.25797889138159613,0.00098974294068932,-0.014925237744610631,0.057015389636554246,-0.030200026377112554,1.5734820654334032,0.5538209405821563,0.4662719961513018,-1.52574217813571,0.32575927755490786,-0.10444981113678246,-0.3154753975441886,0.33191298203373115,-0.43005635156410776,-0.7868145756048155,3.0,0.0,2131.5842591459386,0.6666666666666666,0.0,1820.5784830636703,1044.9547592230815,368.43267140621407,565.2588592391744,1460.9640917404088,2364.443628949417,86.2587008839613,2430.601217843387,66.15758889397011,2242.6054671596808
Frame_189,9.016165976128665,0.6103302031136947,-7.337726109208975,2.570804593951578,7.607079917653053,2.708393421702026,-1.8472721817763216,-1.6156673960385393,1.3662219602968815,1.4380281858190551,-1.9914419158238106,0.11555639217340241,1.5673865199011559,-3.6125704033594634,1.3530145814771275,-1.9092970211745988,-0.16997393117788331,-3.7444552796270165,2.2474477369014205,1.4619353794768646,-0.04336491999089128,0.7453587114861566,0.3477024079958158,0.6260946378689118,1.5316625726955564,0.5004523304509391,-0.1876527716296028,-0.1370196050612306,-1.557462407387306,-0.011385359837212672,-1.8437256692794495,0.5262925251901716,-0.5395139394712636,0.14494502956499378,-0.30057242531375644,-0.0620502063281754,1.3758124551054183,-1.0002135813169322,-0.18287630007416797,1.2657305129272105,-0.159425274996897,0.077104536997758,-1.3253440026295682,0.4161586989614689,0.37233203661046566,-0.005780759691751199,-0.25056607152359117,-0.8335270269165923,0.21118773353430167,0.4711074493341915,3.0,0.0,2221.9495511845203,0.3333333333333333,0.0,2009.1352128315812,781.8620063334515,209.70741962402334,487.7880941397238,962.1585985280859,2312.3589409404003,383.67112962698127,2605.140992233803,292.7820512934027,1770.3490249532779
Frame_190,-0.7206786032754122,-2.34012366575244,0.5348365277346081,-5.670600975207992,13.68026290753259,1.299463732557179,1.0771548188820332,0.4080914836468366,5.818071635460889,3.659352695658565,-1.3059804197830769,3.5781723431610293,-7.366268224749724,8.79337638145538,0.5168866091254807,7.574225930735835,2.39456522895863,-1.1640604086141741,-3.0498298158945714,-0.04150427446691274,0.19506103910316003,0.6961258964069725,-3.172464558142369,-1.288335759404715,-0.5521698915710854,3.5194422707100377,2.875245455434737,-0.13941960076834703,2.2756757520365527,2.2250459346214098,-0.9619381920747647,-0.20255087002402083,2.4703518941357885,2.0946740461837368,-1.361932588105273,1.913603404256273,3.8734675081549916,0.6022175503089416,-0.8078002177778055,4.016594580745594,0.5803048746169026,-1.835813168038161,-1.514359219888615,-0.5117692676450097,3.896156681263027,-0.5181614243563807,0.5231595309169613,-0.014493467857310344,2.8951185074554626,1.3337467125483435,2.0,0.0,2219.2208356985802,0.5,0.0,2210.156320364198,601.445406321034,0.0,601.445406321034,601.445406321034,2773.927704930983,0.0,2773.927704930983,0.0,2773.927704930983
Frame_191,4.023855771395134,1.640588193015652,6.436610062252192,5.200942140672102,6.801502041175205,0.4739151462422455,-3.6870666166254953,-1.577596702405618,4.592047894266189,3.60799485151992,-1.7473089470344052,-1.1722791498451817,2.145121537451578,3.9596999181592607,0.8272682869303682,3.936020197671709,-0.2491375264324001,1.2202168335528878,1.9177666494652434,-1.611591208094259,-2.19674618423533,1.2391522639563028,1.6536024862940821,-2.4048917277584407,0.791176871771774,-1.6589865737702811,0.04779081435731458,1.2955319490794417,-1.0482098985810582,-0.5786681246212718,0.45959470146541714,-0.8907895487220112,0.2873997873281321,0.2627157859502691,0.8323919662468557,-0.08274619753968937,0.5082044251913898,-0.6055447802174228,-1.3193881215797538,-0.9309524822717693,0.7146877507884687,-1.1341745920758883,0.261090008149228,-0.8200852406391669,0.1625478747173742,-0.7548116535385918,-1.0182052236515513,0.716862968648317,0.8838162287100833,0.8454391517023828,2.0,0.0,2366.5348478075484,0.5,0.0,1980.5715322623569,1628.7376525703357,0.0,1628.7376525703357,1628.7376525703357,2498.407314288539,0.0,2498.407314288539,0.0,2498.407314288539
Frame_192,8.40896916786585,-2.3033881845846436,-2.6417990742693975,-0.7961620902250288,2.7130080934870606,2.300061657184055,0.8055326302373551,0.8717227358077387,0.4822569099360424,-1.2617885220444915,0.02228075710560624,-0.2794576934525447,-0.7594403633331874,-2.172942702088783,-0.9584359202925086,1.06167983066883,-3.768304977383159,-0.6456147485062103,0.3799596182894175,-1.0468794833962622,0.44718774720325694,-1.4673637138410787,0.7349132463629283,-0.8780999646489519,-0.7762069921635475,-0.44830246476172186,-1.1980596952116438,-0.21333494173976728,-1.078896930992672,0.8062405898536206,0.700541666553535,0.3829642305135695,-0.6991831541098075,0.6828285176053505,0.6665254810033201,0.3588558987109488,1.2006580357711443,1.0079177778432789,-1.3282703991772469,0.7597866192499717,0.23430187698643,0.3621729236794024,0.43173879869824283,0.061372859147590074,0.010489292174070774,-0.5805399163824679,-0.2101409133944741,-0.21234855610278824,-0.35474942886776584,-0.8231578007418457,5.0,0.0,2092.373227297684,0.6,0.0,1749.6096646100423,856.2641383026914,235.6840850190284,471.5935166068291,1406.8402645698186,2403.476242120625,210.6594306415288,2592.6679153273876,189.19167320676252,1947.8031432843154
Frame_193,5.153030229468818,-5.200310041914856,3.408665430013628,-0.11383761652356883,2.5300488836793646,0.024914567246306918,-0.9902467228652012,1.7122263271387106,-2.249585654561508,1.4982078918915551,-3.9562767689132308,-0.2013940905742262,-1.560494909705062,0.11946234519593757,0.02749267329134144,-0.33483577335083475,-2.1206425705367766,-1.1989286377997632,2.0296133510045165,-0.23170803799371398,-0.8553021993128822,-0.3015269863651925,-1.0671445100238233,-1.4398149407899217,-2.459726569625351,1.1796092120246218,-0.36866460971156995,0.7762995713754169,0.6674728877733833,-1.6822821504342484,0.7955607889884235,0.12384171866074006,-0.3774384282786453,-0.6882563234581833,-0.0888598892679674,-1.4124614354956293,0.5562361130075179,0.6698863654907985,1.4340876209867468,-0.46994414584219724,-0.8882952758999882,-0.7250058088182807,0.23701474037155856,-0.5517782015833298,0.23019197314772136,-0.37102580942368535,-0.05758143489827183,-0.13062799498589933,-1.080533029738717,1.3277374603022734,4.0,0.0,2098.2854039630156,0.5,0.0,1739.6666068113518,994.8167985312793,309.2746485261896,684.564431342162,1577.0196762019775,2252.896188256769,351.35589933057145,2500.646993508011,247.75080525124167,1479.1678107371417
Frame_194,1.1542642091619815,4.840089717378647,-6.923340399441703,-1.7170728504519013,5.17475926654718,0.847933386704884,2.5998568219437184,0.6289449537784573,-0.05304059967193275,-2.3992242485906283,0.6785124079433859,1.8141797825899628,3.840337657887875,-3.580391436413095,2.576037229785259,1.6580141734611105,0.9008323225596007,1.279720235533058,-3.0083121060182063,1.1961475366127203,-1.0968339863991023,0.5270239139957132,-1.4100989504853287,0.2816764759985291,-0.9446411101516773,0.6667196840025642,0.243837870692224,2.0785297458321197,0.1147326427487347,0.7303369821408924,-1.179000038744277,2.5171480674798294,0.5726881310926302,-1.0927551073074233,-0.1278300424765655,-0.06591800331064385,-1.6156350429446427,-0.41123359232507095,-0.5868799076821016,0.6002688546066741,-0.10535240121396294,-0.11422256264343139,-0.8928311402834829,1.7811509078069434,-0.25779613096624526,0.1316798058610329,0.4585377142002381,-0.14967261943418045,-0.24721864729730397,0.4318846817467465,4.0,0.0,2186.2508959992606,0.75,0.0,1888.592552759892,779.099193833083,218.81962657359983,548.3215079351307,1160.3722535083007,2391.3953683969953,300.83089399818556,2622.0372542319355,230.64188583494024,1811.7625636049536
Frame_195,6.663536084935079,1.4230356338834351,6.106418942090257,0.8985218725491447,0.27480035231234984,8.408104199393843,2.039875527859231,4.473025909407288,1.7357113883534196,-3.115260233680773,-2.441913603146248,-0.8474423862502592,1.2957128979564316,2.622037251182732,2.505260674968436,1.4097843045272132,-0.6929431282142865,-1.227267760007134,2.0438089278441063,1.581902383815133,0.8848837828795557,0.415467509455653,3.3502533779277424,1.0234897735184532,-1.3409975906332896,-0.3154087645964698,-0.14049874471596815,-0.8725556132190841,1.0731253234547407,0.47421852440620493,-1.3315121153436806,-0.5827544875890865,-1.3559477746145931,0.6961010960134001,-1.444306428486705,-1.2702456760049978,-0.9278162223534547,1.008476342196543,0.7669146776002549,0.24664184830753175,-0.43664878808217794,0.40930350116151404,-0.533675270419507,0.1025813145421941,-0.16628053138020008,-0.3784809761300118,-0.7254110983870022,-0.3179451157907692,-0.05074865108919071,-0.08311554073369798,3.0,0.0,2164.356561261942,0.6666666666666666,0.0,1961.865056453869,1160.2009818161093,280.8953346674318,924.2670142220954,1554.943426516721,2377.2398602306803,212.0183666627833,2538.7876047451005,161.54774451442017,2077.709442047961
Frame_196,9.297237994988997,5.151397251554803,3.2667507918051495,-0.7567193210819528,-2.6545625640554817,0.9300313631337991,0.9260179535499269,-7.22301360500458,-2.514475093335103,5.793261610799065,0.5330290310741148,1.7473330521124126,1.0191664835378342,-0.13520031122253395,-0.6272109232931815,0.25068088035205194,-1.3777083488546429,2.0862126357284665,-2.299075103902447,-0.8737052109968819,-3.8727994118524016,-4.360497811588547,0.38386415062314194,-4.252333251192127,3.413382013737308,-4.32031028208815,-0.6802655314460855,4.838367130839885,-1.134228195895557,2.14486887175033,-1.1688483997544052,-3.0212991283352912,-0.7471547001728983,-0.7986107196648675,-1.064870511562814,-0.29758775363610646,-1.935381647230179,-0.8784070879461239,1.6161164071658867,-0.4625431377114763,0.010971910823484254,-4.186596484629743,-2.016975134551243,0.8322973034149296,1.8461405288382637,-0.4854458777420131,-0.9180167311192637,-0.5550372280913235,-4.573852588585111,0.6934918928109495,2.0,0.0,1530.7995151770108,0.5,0.0,1446.7187257503397,813.6185231429886,0.0,813.6185231429886,813.6185231429886,2370.672623096009,0.0,2370.672623096009,0.0,2370.672623096009
Frame_197,7.626056288921448,6.984803224349159,3.897003979665579,-3.6176626141773713,-2.86582317482136,-1.8737498846173417,4.449455255681377,5.441933095059549,-4.2591900949042145,-4.746533195316222,-5.093660326105077,-2.468377607557908,-0.20289692822521477,-0.8604524666506307,-1.453051465271444,-5.892027189290671,-1.4788368815999968,0.1487016115396031,-0.7235561498952502,-4.033813129663553,-0.9672003466195295,2.371506368581389,3.12905793160399,0.026431966066627233,1.339112991771502,0.36725603280623287,1.7463724553927102,-2.039811141770021,-2.1515639399962594,1.8529968765325748,0.2652387025995845,2.6008401634653913,0.7833840929151248,-1.0163838412938895,-1.8467099293728881,-2.34726335434466,0.8240432708656139,1.1015605587637376,-0.26906474468718106,-2.2659037745197743,-1.3333835961902243,-1.0046439119508703,-1.2600794077990534,0.029003065118324622,-0.5667752372276812,1.0069102700972064,0.43845568426659054,0.1537778363909849,-0.4294992029110313,1.6576772529189552,2.0,0.0,1791.4310142590534,0.5,0.0,1730.557239232312,668.8603756196696,0.0,668.8603756196696,668.8603756196696,2437.7349214204983,0.0,2437.7349214204983,0.0,2437.7349214204983
Frame_198,5.430374024726945,8.369601275274011,-0.4136894778139737,-9.674560687513118,-3.408453486871516,1.4088044640942692,3.7569256101231865,-3.5891110377322786,-3.590497101769149,-0.02475261824162267,1.2606835176430122,3.00054898047491,0.5976035792935253,-6.497143294968847,0.5152804182034872,2.405660016510755,1.0322535563313693,1.3843740330840777,-0.8507034913739755,1.2412788327251145,-1.3932875344767515,0.6912326324659426,0.022273717300264395,-1.1287860625715473,0.5540337295428098,-0.6392622399963691,1.796918233418062,0.43276249717724957,-1.7573847790614698,1.0934236430047974,0.9011022561103047,1.5092451456289857,-1.4054302777424819,-0.1987535326887471,1.8185263875098183,-0.11339677784962554,2.4767435931794224,-1.3464800759832487,0.5874986215614308,-0.5978497201330983,-0.9921990764017277,-0.8191952365974922,-1.0953925820287649,-0.8801179962345347,1.2707084702371425,0.2649830883044943,-0.7642902088102913,0.8311763333392482,1.120640482712979,0.4188993020371186,2.0,0.0,1794.898658506812,0.5,0.0,1480.4045888267167,1389.2814370195185,0.0,1389.2814370195185,1389.2814370195185,2291.313948765611,0.0,2291.313948765611,0.0,2291.313948765611
Frame_199,11.953483809411953,4.0118670168439365,1.2846496056981218,-3.78765445323432,-1.8929852527868363,4.100618517935176,4.382636625503793,-2.9433321070179335,-1.1498854643367808,-1.5975396819038084,-1.8957166613886498,4.796667158619215,-1.4413281729155432,-3.598409399895604,0.709962113464657,0.4769367772369243,1.6568081100671985,2.7390307556228004,2.248583754281815,-0.4949357923729445,0.666668616511853,0.5603001093466337,1.1305881965349456,0.6447621661537704,2.0331958781606074,-0.17548716032618983,-0.16458163589446761,-3.563734261287446,-1.0635635614929977,-0.15188482464898329,-3.0875303609486453,-0.3375012868812042,-1.7190824668516143,1.6510878329237682,-0.859613904539593,0.49312814279741657,3.0166531857059775,0.16211654817809196,-0.264409148986966,0.5480097461362806,0.4113335322563129,-2.046625436051877,1.2132076406964032,-2.0495991707450005,-1.2226996239788583,-1.6556734098348949,0.5525551257368578,-0.7984392870201051,0.1073651320370382,-2.071700887670302,2.0,0.0,1832.449018984771,0.5,0.0,1633.1751527004144,1215.0548022484093,0.0,1215.0548022484093,1215.0548022484093,2295.774315389922,0.0,2295.774315389922,0.0,2295.774315389922
Frame_200,11.9811574791582,5.927041430138288,-2.7295403682384842,3.3267384083739566,-4.79885252952743,1.2825254348787256,-1.1582611400368166,-5.125238953763814,-3.5437517802008953,3.596919595475401,-0.2343539094882473,-3.4873992337284476,0.17022189122376155,-6.175699600058671,1.1140641340624726,1.860441131560098,1.9867056716619067,0.5077821587796343,1.7331154688276609,1.133054029502801,-2.301703860674226,-2.855389157181858,-2.961886375160601,-1.2917911743695734,-2.1074155910075265,-0.21736635069930701,-0.49285075735607864,0.7656940756631117,0.92334152809358,-0.4991015275464702,0.5535486092577451,0.43215675384893004,-0.7449671382714627,1.8439759073155773,0.1099985894829183,-3.1885062550526633,0.5328958623285175,-2.4968743132829445,0.33025743121192186,0.45949216887818717,0.13915249843059846,-0.7035736357990712,-0.1473688541906722,1.3729379431836584,0.02186877254430794,-0.9348621704401756,2.5052577750582636,-1.2197580494319542,0.6066238248533108,-2.687773307952633,2.0,0.0,1534.0126951844657,0.5,0.0,1462.1092188146279,685.5833498972687,0.0,685.5833498972687,685.5833498972687,1908.8583835145662,0.0,1908.8583835145662,0.0,1908.8583835145662
Frame_201,3.3984999640987934,4.5436723226763585,-5.4227685955628875,9.255172027836453,-1.0334422275723831,1.9353792078740568,-3.6240199168141154,0.565306530373932,-0.453989876563454,-0.09183248651576559,-2.9018021665814793,-1.2109444389496418,-0.33522411498004445,-4.996339128097605,-0.34946260876761026,1.5069363366375552,3.258794054343043,0.6777504544434586,0.7732885787450036,0.5138429667330642,0.1883655318412395,0.9045733589849261,-1.5618367023886852,-1.111492519119171,-0.17774339657792237,-1.3165944630893005,0.21251640615196443,1.6683383436177623,0.6178817714345282,0.11319172213278639,2.311715931957524,0.788174368657865,-0.530686976199372,1.2915421737854467,-0.2745572352178587,-0.9702162460096326,0.3308383853187447,0.11994808360702677,-0.2182163846836127,-0.24753093173650598,1.4508817505940375,1.6232658188794349,0.23308937521660017,0.9339317550203543,0.2730291615820505,-0.6647757791993135,0.07554371423389444,1.191727800923234,0.8596486727779439,0.6887541434314312,2.0,0.0,2403.7745546488823,1.0,0.0,1530.977441772309,2154.990229988114,0.0,2154.990229988114,2154.990229988114,2518.431505603461,0.0,2518.431505603461,0.0,2518.431505603461
Frame_202,12.650671362745127,4.758537757216121,4.3263366374779215,-1.0685813750436854,-0.29647139984106463,1.6180721410762722,-1.599395738184613,-5.686267928519736,5.355315054921819,-1.5329968306557702,-1.2954789447744592,0.676137468673899,7.076306664597737,-1.532423750586131,0.8406767101826864,4.293866054907073,0.8155186502187469,-2.8645077669441408,0.254641986643985,4.20331196235404,-0.4965357952236017,-1.799732344402169,-0.21743014910244002,0.7610652727676509,2.14972073327244,-0.5484838199078321,0.43926859413352976,-3.6954184312284277,-1.2838329726307327,-1.1165956209993921,-0.9042397713529764,1.0827988623545959,-2.405581838844098,-0.28755329887794534,1.8588920694758775,0.01000250475652654,0.16532915362166004,0.5744769212867509,-1.0410874973757251,1.996228619991284,0.8669334739292281,0.9715309880825227,-0.9556846503450627,-0.9231399815428178,-0.5273879167519037,0.20883853177377912,-0.8577388149309033,0.6039702351905168,-1.0908425879239743,-0.4740048487201119,2.0,0.0,1846.6405564532572,1.0,0.0,1824.217791330405,667.0254516698631,0.0,667.0254516698631,667.0254516698631,2077.931775441917,0.0,2077.931775441917,0.0,2077.931775441917
Frame_203,10.008508072682787,4.337925308796104,3.4948802988731433,-8.271770272615514,3.1215803254661054,-0.47378039172977227,2.284692827711983,1.8765722235061117,2.5560193805228333,-5.213982887197052,-1.6880224804539663,4.347207563192375,3.099545171909563,1.82496582158946,-0.9512970938576548,-0.501488384579772,-2.451652552906135,-2.319345281306324,-0.5021726437162496,1.1915598426895329,-4.4716581050556465,4.175279358724302,0.8284860024606902,3.0012946387137003,0.5299394662964486,-1.8374960695322078,1.0512599720373363,-1.56859684149895,-2.1262520479088125,-3.0217600385688503,0.9608324602534839,-0.44493717710091923,-0.45452047315178146,0.10561655552469545,1.4838310675276278,1.6799552805664697,0.620059840398659,-1.3079425774023807,-0.8264852138555767,0.7983494451729374,1.2535771948241132,-0.7668120347997844,-3.1175149860419014,-0.5795628148856746,0.3593628147814414,-0.2610354297838212,2.112308438874424,0.29267513515303745,1.0691215886017367,1.126340594247373,2.0,0.0,1828.1707780997272,1.0,0.0,1800.5420775309885,643.9895129021315,0.0,643.9895129021315,643.9895129021315,2212.035827481578,0.0,2212.035827481578,0.0,2212.035827481578
Frame_204,11.199968794079613,10.226295010017967,-0.24450379932573285,1.5823448841809722,-1.7787481435597943,4.404771820329753,-0.7154682324377583,-4.93908335527742,2.763938857377118,0.9836801803137203,0.9528702366542503,0.09411737570912404,0.39603966365644605,-3.3580932157028185,-0.8260163243260318,4.190559389792607,0.768184719574413,-1.4267484798490784,0.48961523734593937,1.5251875935856671,-2.733830703095933,-1.5187546246290236,0.0991835009304512,-0.23102003949819816,-1.014914772206277,-1.5053140275174293,1.3909627991804407,0.3866134090089588,-0.45961406509446884,-1.184359038247894,0.9916013223030454,-0.5663509693509476,-1.3363749533723905,0.7995752292015517,-1.6623569193529204,0.8130168903888753,0.026279832864388716,-0.45699800330913487,1.1936651444322703,1.3436576896282013,0.7401021415241592,0.5789188437650523,-0.34356011443975215,-0.2651565558679352,0.5866972845720128,-0.8826470356039692,0.034677488525160505,0.7007208826745059,0.08582840093226884,-0.22073651719484363,2.0,0.0,1772.781017515641,1.0,0.0,1683.54921080832,809.7950224772561,0.0,809.7950224772561,809.7950224772561,2137.883002781974,0.0,2137.883002781974,0.0,2137.883002781974
Frame_205,10.989349384629218,5.949147174062346,-2.4285346248303186,-4.292320418182521,1.9928144079821095,0.23332853250206442,0.5892296771249023,-2.3281730151148388,0.2924577093633447,-1.882955022147463,0.7354945276284952,-0.6430837036087786,1.5128818234760861,-3.2297682798241847,0.9481111375810265,-0.005542642820483001,-2.8563097850625385,-6.242298847748858,2.3057897775235814,3.313024750141852,-3.5491724944209078,2.113843732719928,-0.6733881725218044,-2.259104232630497,-1.2284367444894542,-1.2946181376661552,-0.3767881159003615,-0.2409706379873935,-0.925406329337265,-0.11360347176149982,-0.7833103060799534,-0.17365376950803596,-0.2769634833734561,0.06518299104669788,1.0591406597031048,1.2198650679142125,0.7243594006920725,-1.0757050185153787,-0.9989644853966396,1.2137567041433697,-0.9557180715195804,-1.9530317517944509,-1.6657770382706385,-0.6662996317528065,0.8041492720983323,0.6800497434098688,0.20593646268796528,-1.8354449689947803,-0.3820975928861229,0.42004730600053064,2.0,0.0,1892.9527475399723,1.0,0.0,1860.1917938119088,739.887008130843,0.0,739.887008130843,739.887008130843,2059.978083745439,0.0,2059.978083745439,0.0,2059.978083745439
Frame_206,0.30455499070174064,11.243516870631865,-0.07439669756381284,-2.41724238313253,-3.6456839487574757,-0.9581034139620627,-0.24267348788505116,-2.4354200173001,-3.346655300230731,1.95633353788061,0.32099961601064786,-4.237752625987396,0.4004632206275729,-3.174742996743851,-0.7292507392706435,2.479795575142566,3.768439493385566,0.35589920802213926,1.7724639748418203,3.8032338115238016,-0.026304210705563214,0.4258509783647546,-1.456800636826889,-1.8012554741728701,-0.364361438219749,-2.4609900225725765,0.9264813419383403,-0.9830501125720045,-1.8867379899507508,0.05468286584303805,1.8040069067008289,0.32417382515242077,1.5195935802301843,-0.27701088046682554,0.4072282714431801,-0.7756607197932825,0.3697365473041533,-0.3718019742427931,1.1564300442522275,-1.1713589581600903,-1.733297176750984,0.6282500566804123,1.5112246258728348,-0.22232545386595481,1.5252978771934114,-0.04815935231385082,1.3558770193298317,0.08406822407124626,-0.4576511298507036,0.2978767198958116,2.0,0.0,1331.2442695404184,0.5,0.0,1303.4420472214085,711.991339574629,0.0,711.991339574629,711.991339574629,2475.4447490069547,0.0,2475.4447490069547,0.0,2475.4447490069547
Frame_207,12.71302400580803,4.445904300124034,4.774990569075798,3.2117602346055802,-9.622755085297165,4.121211392746141,-1.52393700007433,-0.3459557155493611,-3.156177952472384,1.2119969532737256,0.8318210042901271,3.1184479292211593,-0.4466566584858203,0.6590582469240086,-0.012898842387555343,1.8246155421399457,-2.393225527262864,1.1660871018010162,-2.037715548953222,-0.9347201328931423,0.6322932083558717,1.529422915916748,-1.3458253181021036,0.7969243838334146,0.8051835973500092,3.813084467533597,7.079219175709242,-0.9998084848925416,-0.7553575311230855,-0.3843863363410839,2.088026424702377,0.4396581410823118,-0.23120547369037067,-0.2887253645887563,-3.4663455633994382,-0.8925789182145769,-0.8180595570628963,-0.08261568487086061,-0.8667033619059807,2.099214016593137,3.7527684548265543,-1.0071520856416554,2.6019304828560363,1.669266765647421,1.7440435553256903,2.2251075154331765,-1.9416349002047064,-1.0680861065772027,-0.6675366200798202,0.9655735281650552,2.0,0.0,1680.0046636799661,0.5,0.0,1662.4196535731792,755.6739069048914,0.0,755.6739069048914,755.6739069048914,1773.0472669049886,0.0,1773.0472669049886,0.0,1773.0472669049886
Frame_208,9.479776656079526,-2.5621881313309913,6.0172956703101805,-3.5579807816796514,-9.104967827854262,-5.547013253661162,2.5470224230194782,-8.395766512242922,1.912629832594901,-4.475126651209132,-1.5630107021611757,-0.5559428984695265,-1.0657981848861644,-1.48872855774489,2.8992114177999007,1.7768029855342393,0.4568507852115747,-1.1500915620364642,-0.045409441539445705,-4.451857678217683,1.0581260084678548,-5.0789050115870085,-0.8853418262888716,-2.8375843534347243,2.267575822653728,-1.554866866930269,0.2607311109244451,4.533368800305644,-1.716843003575097,4.670228066353761,0.340106155009318,-1.2279090007549356,0.8184309189629679,-1.0303360264073342,-0.935558925582382,0.43008881780949615,0.7712418661971395,-2.4209760528311306,-0.5145459933817805,-2.0948372265733655,1.6866254650776735,-2.218892536605619,-0.9779831486749981,-1.8165485718371794,-0.6105627455076577,-1.3456878426929622,-0.29284674727451443,0.3904309575815782,-1.3374307243530588,-0.062905214062704,2.0,0.0,1386.5970164303778,0.5,0.0,1272.6568785633017,650.5391348226597,0.0,650.5391348226597,650.5391348226597,1993.094137562334,0.0,1993.094137562334,0.0,1993.094137562334
Frame_209,10.404912809210577,-4.207906918130136,4.7456004086872845,-7.058973197740611,-6.457560314976247,-5.165385927453434,5.04982841573893,-4.0607435706917725,0.3119393776477846,-3.746526353646175,-1.0444431414841346,1.7096929678037562,-6.076705870944673,-0.6191635493022538,1.4773759582213466,-1.578308365475683,-3.502411916174668,3.5061136608304144,-1.9895033158462683,-1.5132470306102905,4.982533773897785,-2.2650104520412855,1.9104473329999117,0.30176180258964225,-1.7169747786469738,-0.1184370000661118,0.35350942586819645,0.13028996557954398,0.09146389752989514,1.6372511714422833,-3.0887905489956604,2.37471959160231,-0.3315528163491108,2.4990981925364384,1.9326019561069656,-0.07950050756815019,5.02120932767397,-2.976019878912232,1.161013819567018,-3.904110828942794,-0.3983973430961181,-0.5426389560886176,2.192594723434126,-1.0006853326349698,-1.0598463046104125,-1.7118813927120882,1.3939650252649647,0.6991166226056207,-1.1975341247584093,0.7819769293865253,2.0,0.0,1430.7510233364667,0.5,0.0,1335.3589462218106,894.6769386128625,0.0,894.6769386128625,894.6769386128625,2166.2388479387428,0.0,2166.2388479387428,0.0,2166.2388479387428
Frame_210,9.988354943126208,-1.1039986710263627,4.381857139100209,-6.3844716102799755,-6.828523506604851,-3.7772931536478085,3.356844715881537,-4.501629766047965,0.9845804176778986,-0.9185921968813469,-4.950935026750097,-2.08482577311286,-1.6412887789251123,3.615901952540714,0.840281766021947,2.7213012986781844,-0.948253998248866,-0.3599361508274575,-3.111343055829893,-1.9084145988007737,-2.5526904772120225,-1.6470719999064678,0.12267955779060102,-0.2936704445175916,2.046727105779193,-2.798676996155529,1.9537844658368142,4.859840291193338,-1.8769770967850379,0.8214740552021473,-0.30377882165381226,0.4635737840152139,-0.5133236302884296,-0.8639323244126358,-0.10543091383405168,-1.746117586331544,-1.155637896566056,-0.201423382511141,1.5466094375201203,-1.1505989368922054,-1.8382847168341103,-2.8476403876987417,-1.8331338772015657,-2.8931935777542654,1.0412724515633331,0.7943253281558417,-0.2628085878016854,1.4138452883111925,-2.2982053152124493,0.2750689248528591,2.0,0.0,1402.2923971506584,0.5,0.0,1335.3304118516617,937.8193120622881,0.0,937.8193120622881,937.8193120622881,2095.9275528890744,0.0,2095.9275528890744,0.0,2095.9275528890744
Frame_211,12.274474797856978,8.772062371754119,3.733636080951194,3.277102975322825,-2.2336969107391544,2.4576042934022335,0.20816893911874923,-6.178101786124845,0.7726534723513354,1.7465706744853022,2.0566961921757008,-3.9678380118050547,-0.0914881075464633,-3.7150076281129003,0.8047205077979338,2.0103957423110654,0.7747738885990392,0.4979911140771127,2.0670260174396002,3.041053633312774,-0.1316715699338037,-2.697345400943605,-1.772086037347146,0.4040548583206052,-1.049925540053157,1.0910908523566623,0.042016669608793376,0.7425901581695671,-0.011879774714390612,-1.1840980189139163,-2.6022140774465865,0.7492412921648854,-2.1374794357077125,0.6296884344503854,0.40383023252808425,0.5637778802060274,1.61742861200225,-0.23322582206929976,-0.3290866043371321,2.0502983063241143,0.979429524037857,1.6048117624508484,-1.8397359729929768,0.290404579890818,-0.9518441015591046,-0.850752861933573,1.826410055603479,0.19026907488158917,0.8930426801801161,-1.2480646183920792,2.0,0.0,1841.910226261531,0.5,0.0,1838.2438236131788,794.1375559731791,0.0,794.1375559731791,794.1375559731791,1948.4477496452478,0.0,1948.4477496452478,0.0,1948.4477496452478
Frame_212,10.454573000902698,6.825701847757607,2.8295413263251166,-6.819119408896499,2.129241409979771,-5.008673619774985,0.6632913736637702,-1.5154900901701642,-2.4631594310142773,1.570173844171716,-2.0665528612518766,-5.077908217886112,0.4215729904284813,-2.237431341173388,1.8719419997859574,-0.8154756712292943,1.1681738717078003,-1.158929261612838,-0.5912235740770073,3.945934864807562,-0.9958452336937271,-0.47171683094373984,-1.5667326661678282,1.4940247099862973,-0.5137859067883807,-2.218347662469288,0.7757017366363876,0.7864496737045964,1.5963109238189774,-1.4474447148502771,0.9609271534107204,0.5244466470989858,-0.22448750557680028,0.6773987009901681,2.217273799943219,-1.3545427639535643,0.8739457476917629,-0.11763315171421648,0.28417871533770767,0.18295436674322957,-1.2720796751691887,-0.13378490685364575,0.3021023851729558,0.8056033361254007,-1.3846951784241406,0.10394283703651103,0.8117710678414873,-0.46222895804185465,-0.5009352885145737,-0.011723361626061121,2.0,0.0,1824.475791498957,0.5,0.0,1794.2903109149734,910.203351924059,0.0,910.203351924059,910.203351924059,2052.6134239264675,0.0,2052.6134239264675,0.0,2052.6134239264675
Frame_213,5.859688140218782,3.8963681488591395,-0.8567042491903439,4.528969229245949,-1.3512321574613555,1.5461055496982812,4.449110616215583,-0.46742111476930387,-3.4821555810203493,-3.073692367920078,-2.2274026718603097,-0.8671353022910204,-0.15285933035864815,-1.3878984716970602,-3.045053232909383,1.6715175030129006,2.935604447387347,-0.3785315631944736,2.883544730885239,-1.585562630067025,1.9348545936945847,0.9008166346552198,1.7362716312107311,2.510884807985746,-0.35996896709324916,1.0095607039175585,0.8622335494625549,1.3305173946124624,0.08282410848788928,-0.06896911061260595,2.62694303562075,1.4352469321342405,-1.2275054371505214,2.1551271109023378,-0.1275592276052376,0.3135234353064799,0.9766469639073768,0.5670885588788436,-1.01236706185347,-0.8456808386842797,0.3689305547628317,1.3497088463438212,0.23385767082443118,1.0790999756449693,0.16875242250633402,-0.11781107128819925,-0.16511892065827397,-0.2907769276859567,-1.1204745538044791,0.042397422748042146,3.0,0.0,2192.973638336012,0.6666666666666666,0.0,1558.2810790887006,1390.8371272757288,555.7465358174322,652.7052482845518,1993.681412693968,2458.2214564173078,60.33914544686243,2504.6993033641543,46.47784694684651,2373.006117935629
Frame_214,3.9724641023385256,8.373326781252155,-0.27044454150520686,0.9884207190864562,-0.03018841400692862,-1.617881861622908,0.2340668369932627,-0.5288849782490904,-2.9523091860440207,-0.2200953683470844,1.4957939393300623,2.3156039052685857,2.167660878200488,-1.247736296455943,0.8451367099287427,1.5507037330179503,3.7529437610480247,-2.037554187669793,2.8007618616261376,0.6296431106978668,1.2654286952937834,1.0706535292135557,-1.3014223196470511,1.1309587125060376,0.5238482202877428,-1.9219379059325226,-0.11572230508405329,-0.4203173171452621,-4.239304663354868,0.029564435905722553,-0.5008027677691953,0.44689128162735514,0.02759291941215808,1.692159487568985,0.7244839088967873,-0.963833506731921,-0.32885860062264544,-0.9029595002926594,-1.139806992566128,0.8419335108305523,0.46828700259400935,0.6460063681552637,0.9104612178620209,-1.8117090976286314,2.2482938699036077,0.45278763148804874,-0.48641231027483545,-0.10160808789756004,-0.1833172219100081,0.845936487636805,4.0,0.0,2081.063964095456,0.75,0.0,1410.088444928052,1399.9297644394471,682.4228500972328,684.854842842026,2402.8771040367,2338.1411047513043,193.18110081274529,2498.5562425967078,160.41513784540348,1951.0159135686222
Frame_215,6.338921718066369,5.293616185785235,6.0791802284916905,6.208134286089069,-4.552810236219312,0.47010280034064844,0.4237743913442027,-4.487782557046578,-0.7132722504262561,0.8055487887618122,-3.9744872872745765,2.711301191959311,-2.129332976546576,-1.1222237118622251,0.1287871975932049,3.2153561903326495,-1.4503209250565954,-2.6332605913214833,-2.317207956274688,-2.988192647699353,1.2260718244564321,-3.3135221893667843,-1.0022238439962399,-2.7056144607930346,-3.2380648195562762,-4.201190379687935,0.2800041593001527,0.9879981713037345,-0.2633049716077941,1.0107822856481705,-0.3626080785152381,0.2897941893801863,-2.146759112490685,-1.7660912070797303,-1.5390462191303702,-0.3063213066564554,-0.236981268927545,0.9648214182526024,1.1216607611697813,-2.237760488022282,-0.27324222676516197,-0.09828269102707599,0.1879113497518127,0.33430093017841944,0.49366331160329896,-0.11883233920856937,0.38471552946129106,-0.11295195452779341,-0.2042451847027904,0.5759921508667512,2.0,0.0,1474.9828195934915,0.5,0.0,1331.325508227608,783.3458842479854,0.0,783.3458842479854,783.3458842479854,2480.0963632886856,0.0,2480.0963632886856,0.0,2480.0963632886856
Frame_216,5.377342269070176,11.427870749536682,4.126472329897503,-4.7927506464465,-1.805606912667435,0.4624799197797851,4.674084022276413,-2.5393071673839565,-0.21990919522308666,-1.9565204160450498,-4.224322516398745,-5.590282183008023,-0.9899671565983542,-2.551151276996492,-2.3553548199071725,0.40489995092672726,1.7267306359440058,-0.5022423113205565,-0.14960515097971483,0.8530699145034727,-1.6672258143034289,-0.11088847641022047,2.6923287939362917,0.8347155864398228,0.9567036197474417,-0.7087157911772939,1.7055125616019553,0.7743924132354871,-1.6160381574410732,-1.0065560119063508,-0.16480832738638496,1.3050403967964415,0.27818218629291636,-0.3033643566561576,0.755417793074268,-0.028528823183149754,-0.306372785838654,1.0605238994606998,-0.8537302815813197,0.9714934571089291,-0.9403996879147333,-1.4008614725717476,1.4553719101520932,0.6860031359482412,-0.03851422968326351,1.0192351918828568,0.24348207093021756,0.4622659735542921,0.309330628850522,0.031345909594563404,2.0,0.0,1707.3904823488674,0.5,0.0,1480.3730622408355,1344.9132587182044,0.0,1344.9132587182044,1344.9132587182044,2152.7341595487746,0.0,2152.7341595487746,0.0,2152.7341595487746
Frame_217,3.13726212757537,-0.25400199278180907,0.625091037545319,1.1820951794845975,1.851873937555907,-2.109868400184168,0.12509210965383,-2.124004550284284,1.2804965855088968,-2.2316248980137323,1.3343925233041818,-1.5425385159898843,-2.1194631703847646,-1.0066617623442027,-4.560066294671642,-0.7557659587896971,3.306582495415434,0.6545287065141069,-0.3291395666754867,-0.13054985694919363,0.6355172753413693,-0.4376564804332041,-2.160283862052098,-1.440217654318179,-1.8138478090319061,0.07350530050233946,1.549603912522185,-1.1141312599847024,1.360588788737059,1.2704122230449832,1.415080107181488,1.0427213052612532,-1.169209285709239,0.2775500630390297,-0.32219034258884144,-1.1462358007710496,-0.12074217166190919,-0.7608991319276046,0.393088284970795,-2.2981059786774356,1.731452575675154,0.6480126264312736,-0.2726647740862566,1.0319305352300068,1.5658486478246283,-0.6041585087563498,-0.12660020991878704,0.9099017826841064,0.8293767787539849,0.4831079282168951,3.0,0.0,2130.1479293189122,0.3333333333333333,0.0,1487.208150766996,1297.2773941787711,488.9577904170283,630.5092293950505,1789.3584898930812,2456.02004913403,232.72379702533075,2630.301528063922,174.28147892989182,2127.094233352662
Frame_218,13.797250961747086,3.208699168724991,1.7037477551377571,4.630710097654971,-6.215709139440667,2.323203919727427,2.0792040480255682,-3.4838654957887094,-1.1189745709213872,-1.2988286741135482,1.8658193710439668,0.6968393064890943,-4.252494527254374,-2.9083247669653294,-1.6116717317059188,0.2984708334775781,-0.07643194580749268,2.8015641425966793,-0.24392853818838217,0.3112141795631216,3.122780230962722,0.5684574761374934,-0.9608097963410419,4.017562706153992,2.011817022800417,0.40722157012154325,1.4428236139860322,-1.2317980012910805,-1.6230135068991434,-0.4453396239307466,0.7567262290794794,0.9177403090304721,1.6413175227651773,-2.404094758042084,2.7329959044594556,1.218093071282826,1.3745486523543544,2.3712206685878923,-1.2943047595845738,1.1106684266062519,2.2702034857821176,-1.9913934679745116,1.4504823892649568,-0.24464100613306883,-0.5904953179917536,-1.7389339378085245,-0.28078664402139575,-0.9756897597159659,1.6268689828779888,-1.2230781495308083,2.0,0.0,1668.9554405989222,0.5,0.0,1584.5895362830845,683.9334078000079,0.0,683.9334078000079,683.9334078000079,2085.3901227904307,0.0,2085.3901227904307,0.0,2085.3901227904307
Frame_219,10.600592532086855,3.705184442555693,4.01548673014551,1.6859015771627233,-3.4350339136313828,-2.631621833027823,7.951454557655019,-4.712745032388494,-6.208351256475743,0.44081631856650594,0.28885476294857027,-0.49184405439422335,-1.3764604142022048,-0.5649062765858565,-5.22023562415902,-4.1011499327826035,2.1017775577326634,0.6536642313654167,-0.6881217248927429,-6.625624599879146,2.1957793064620117,0.5319741981849139,-1.5160666098412434,-1.493010440979323,-0.9909158017241158,-2.250827480218223,0.3017414584122127,-1.6953355163032968,-1.8442203789422373,-2.132436593672231,-0.74477338902194,2.4966117580904594,2.483292435295775,-0.973001917871656,-0.8977259737356168,1.0456307557872597,0.14671071111257195,1.7264949564429266,1.3018387842961563,-1.3869694584255539,-0.4978733956241029,0.06404060132767313,-1.3875907562568042,0.4076065037568762,1.9428029698238785,-1.1882184300307388,-0.059877516736927795,-0.9273757393164636,2.041304779653474,-2.207158577164051,3.0,0.0,1661.829247781647,0.6666666666666666,0.0,1547.480297504071,1004.3293291339884,204.10987236652815,765.2480761663824,1263.9462771564451,2276.799678054227,17.59174313551027,2301.0606076036106,24.26092954938349,2259.8985096764445
Frame_220,6.670105170441251,-1.8088915654509385,0.5345128591613296,4.936607971744331,-2.8558471328239876,-1.5072128719577602,0.8554139646738514,-4.175503175027372,-1.552234344785825,0.3337731157109241,-0.9017828191083611,0.21727915036303255,0.00839656096622606,-2.837487937812544,-1.6730367911167006,-0.9369488972843802,0.6256969725651036,2.0388868458578764,1.4426640735743204,-3.4997712327073223,4.435547918988822,0.5518748334695822,-1.7923271687563218,0.4097693720428384,0.015929565277712054,-0.5071136398100976,1.0882501699822518,-0.8889441969786356,-1.9578587081310364,-1.1887636572154472,0.711152372177942,0.5944371650462618,-1.1807882373867764,-2.380415705730661,0.8823942077655609,1.5689423705956431,0.5590119346321955,-0.1370858762076588,-0.08434245384506404,-0.3593734335567118,-0.2817624792136589,0.6940501116123077,-1.320145499742203,0.5555852959170953,0.38599584734430464,-0.6975968548756016,-1.4333483521542185,0.8544674500054809,-0.614432368131058,-0.2795629200657504,3.0,0.0,2305.7147494350156,0.6666666666666666,0.0,1632.541312427951,1555.4100611419537,664.8010577266765,624.1085640084568,2132.6350478169793,2410.636512902572,151.15738315752597,2526.639389989578,116.0028770870058,2197.1348135708654
Frame_221,11.272595427453103,1.8160760373111016,4.576059891037433,0.7962042615270541,-5.565741767299039,1.016806705003409,3.1030426836244014,-5.707544824981397,3.1045525915975962,-1.9197212116301279,-1.3438345617150773,-0.6856934173918315,-4.709295302517138,2.0383253376111794,0.43326073255880476,0.9581358110650674,2.2170682647405395,0.9717402642939298,0.23384843458136254,-1.5526264645700876,1.2074016968778534,-0.9404548990383897,0.16512182863058925,1.2851276969212655,4.612907928766389,-0.5403294086523681,1.7953242388116,6.368840406241287,-3.501685760361893,-0.9597439257378041,0.6326213318751471,-0.2591674706342045,1.766846877052487,-2.263273004372872,2.2111817567365346,1.5597182650614752,0.07016866650219966,-0.30773704036118255,1.0391590463999028,1.7098867791695938,0.8141184437598504,-1.6376361626465112,-0.049611909821389376,0.7072686593858006,-0.2661746548118138,-0.6686344969820711,-2.720656148255349,0.5692222137004332,-1.1195184415978519,0.07356636298168102,3.0,0.0,1529.1867229393392,0.6666666666666666,0.0,1244.0704155379194,759.7879748836299,53.1279262659798,697.864530266604,827.6004784465026,2249.3813600071976,102.57136910569336,2355.0766852398133,105.69532523261569,2110.4947393061752
Frame_222,12.060629889052324,0.9861952837238909,-5.931654677638396,3.714032185586692,-5.882390859989475,5.939274504967963,-0.48532437924363564,-1.343989102095108,-2.970425359180073,1.029409565407148,2.2501789497947216,4.095673409247758,-0.5027300803998207,-1.8559736592231768,-2.1141726145192603,-0.33831985401383324,3.1720961456595256,-1.6578212574411577,-0.42842886270683356,-2.861051628813741,3.2631819510763633,-2.5033413161208267,-0.7938656237604317,2.216927937802522,-1.1301400433464226,-1.7052434237930119,1.353946637698984,-0.4836801247938985,-2.1181709392981687,-0.48932570738415143,-0.5928508255977382,2.439580488236202,2.2955970854405945,-0.23765773620651828,-2.3959926179052022,-0.3769313578262108,2.198500062175644,-0.18499881909777768,-0.030744789226370677,0.5779563595443531,1.6296229943527312,-0.7963042697338487,0.713831436267634,-0.008884582899377158,-0.14271459536578365,-2.739983429114232,-1.4861817888344164,-0.607982692229807,-0.4250270550456652,-1.4516504055999322,3.0,0.0,1584.41157105373,0.6666666666666666,0.0,1294.7291370714192,1147.7528629779356,429.3990955923092,545.7237776894415,1517.6594247046855,2411.9221964469475,18.679695072283206,2430.9529656207196,19.030769173772114,2386.5395852441347
Frame_223,9.837443358641133,0.5949498934317407,1.2146432577698447,7.222364092936537,-1.4994484737966791,1.6475959808796086,0.6077294574525385,-4.081140373926781,-1.087810137207979,3.354200912965705,-1.0262483192679521,0.601837485863773,-2.4200287786723,-2.2145987004744594,0.07320039139130041,-0.2659810119243433,0.10615809095081397,2.1827559136956416,-0.6947167296089012,-1.5044314943991806,-0.32296087232491033,1.380944695673079,1.732386566447536,0.43227635749385035,1.6677324139375047,0.8913844758012313,1.4438588474091878,-0.19956949314219116,-0.8304355828204801,0.6874843915852059,-0.3049283254268884,0.7962294570800886,-1.570301081128997,1.0912456708826217,-0.5938993555504151,0.06131571746595951,-0.2921938584540593,-0.84068518096998,0.815553776659239,0.35677765220477864,0.34483304709309265,0.2563586863203986,0.08389357568516043,-0.24308664533603125,0.4645625060677996,-0.06861246492631404,0.4616418045893649,0.3190600963062986,-0.21572807429353566,-0.36092000062663887,4.0,0.0,2156.0051772429806,0.5,0.0,1429.523625767492,1771.2722963995875,960.0601874107672,675.0604977507815,2828.4831702218057,2242.4083415108303,228.42256652167362,2451.4478397679572,209.03949825712698,1834.368433771077
Frame_224,10.722708938493932,0.6514439076680096,4.930097789491554,5.061054740590646,-7.234384203379285,0.6956140512970282,-3.0182364990974677,-7.5049845042721905,5.0365951212150115,-2.059839959959182,0.43000477673510046,2.831228927548676,0.5384132166091483,0.7430759577048409,0.9111516673133346,4.223643349512067,0.6216769212930787,0.7326301520100275,0.391454973572011,1.6736213062182657,0.1265374768039662,-1.1171994144682296,-2.4273639537255813,4.008978167438351,1.231234599106796,-0.07735996932570888,0.6874122338450018,-1.3719323547825537,-1.4719579788809722,-1.0804558915999298,-0.43145230751419583,0.6577430964536672,-0.2692053868500118,-0.14782507985957075,4.517091079547826,1.251827088882651,0.6112180233651808,-0.750151248313506,-0.3776371768272185,-0.24188050498294947,1.8748950768350874,0.0640035590097902,-0.5033099874409729,-0.4367881864967253,1.1292461727679382,0.37514834835161165,-1.1435725305604814,0.5070023981420161,0.47092275358480395,-0.49835579535000524,3.0,0.0,1664.6734889195768,1.0,0.0,1446.6070595186254,747.1211052858222,45.80717073379292,683.6214665329893,789.974628758038,2153.39688207145,214.78493379681908,2357.901347040641,204.5044649691913,1856.639393784075
Frame_225,1.4123904872649629,-3.662509773344113,6.14001617035729,1.8116736939183395,-7.333657594025845,-1.356848762348771,1.2222108980031963,-1.5374349840322203,-1.774972102076606,-3.8740357514751906,0.9386938388639561,3.8060445373034044,-3.6658313264505233,-0.5294538280613,-0.08332497540286687,2.854135979638162,2.1029659970854233,0.2806776322517881,2.681964747685079,0.042594143857975386,2.3016789666176463,1.8324596561056596,0.8678450553533201,-0.7553795825018403,1.0915400793230892,-1.0632361490526778,0.34898792649105526,-1.8709162307489497,1.4367318940531726,0.39609279086697247,-0.04062514535033395,-2.1569042315879994,-1.2119556533113591,-0.34892195032995243,0.9910722739802978,-0.41434381932881714,-1.0131196503744915,-0.4464401712975947,1.0514989056102806,-1.5954445831002773,-0.5667203593935916,1.872049556107231,-1.6413470675518913,0.8883270871628123,0.33814132773601696,0.5044915199441109,0.21067354408725242,-0.032102989134520366,0.5587373235469704,0.768809024205947,2.0,0.0,2469.3719523079294,0.5,0.0,1716.1587711744949,1622.9985199341907,0.0,1622.9985199341907,1622.9985199341907,2541.056255021119,0.0,2541.056255021119,0.0,2541.056255021119
Frame_226,3.5832559710085023,-1.9944409855519147,7.17585220287567,4.6562147687518785,-1.4819909916850313,0.21629934580524757,1.1518897609568297,1.547194166707483,1.3654113151379303,-5.288985493633888,1.2150138130244852,-0.9427555137252802,4.30795735389852,-0.05387859875473511,-2.001807473498583,2.742811640038219,4.640796852043003,-2.1445050783624438,2.7823421279040956,-1.3321134430477406,1.0411970465491796,0.11429948976422721,-1.6733936316421687,0.4334462270452114,3.5857559461565853,-1.1623063186785798,-1.8705833842107151,3.5602739074511796,1.0829294547964958,0.924539116160202,-3.116736706186264,-3.9424727766124796,-1.8501516519785932,0.8272591617134574,-2.273807448048192,-0.29717203035240586,-2.3233311099981093,0.378845255436455,0.0046577558028706445,1.9248443964880342,0.6559954429660688,0.26346426690076263,-1.2538361791352304,0.32291889427494086,-1.4005851009593742,0.5411865472618296,1.3120435198754032,-0.17186844918862398,0.15726977335070647,-0.8979846642134904,2.0,0.0,2160.5193986725,0.5,0.0,1912.9309866435717,876.1451748156734,0.0,876.1451748156734,876.1451748156734,2506.958955939842,0.0,2506.958955939842,0.0,2506.958955939842
Frame_227,1.9753343774628318,-1.2063359124132789,-1.6483074282649053,3.859311424204051,9.869764752930255,-6.077789496758562,5.520519674470126,1.185128681226518,-3.671700107859792,-3.7154932906052647,3.566574811142625,-1.4672274763904665,0.45938820957950743,-5.888424564044489,-2.7293992960487787,-1.938482391591259,1.2198177822363645,1.9949802760435071,-0.6513067977862962,0.20854740555297574,-0.5068108369165913,-0.40578908906193073,-1.63307094424651,2.865192610288458,-0.5331250122811648,2.694978004390003,0.5082470836900285,0.29994975800365664,-1.9526402125523954,1.4506617081314963,-1.860224202754995,0.6953379767226794,-1.5649429264591532,-1.1235035508617655,-0.6909182070120742,-2.1734942052247215,1.8248362210739582,0.4976467033603318,-1.8910184638106027,1.5259543271325868,-1.6414191591976748,2.035677533898583,-0.8721172867374707,1.34441139734997,2.108383039890992,-0.2285887948086781,1.2629978138879192,-1.8137552460261257,-2.1706554671891825,-2.1645864651819533,2.0,0.0,2239.031497128062,0.0,0.0,1862.1740714953673,1101.5566776490462,0.0,1101.5566776490462,1101.5566776490462,2682.63570119786,0.0,2682.63570119786,0.0,2682.63570119786
Frame_228,2.994412840263208,5.21759843719207,4.10887693587863,-10.382443260122084,-6.058246744091982,3.2817994892512563,2.4840701206009754,2.9112382335399136,3.4024754683847034,-4.703096517326634,2.2337414493370904,-2.630320342837318,-1.430291134372049,-1.4202303516949533,0.5824489853929415,-1.7620918339264855,0.7889204334795867,1.2153721551493137,-2.981651199831632,-0.7206469826720074,0.12050554240091482,1.5145033867159277,1.8945018572830379,3.6891629070049636,0.8029612867780591,0.7131691125812931,1.5704893155853592,-0.4280016817615309,0.19382983917026758,-1.679048671939423,1.076022395230702,-0.38100211326148836,-0.5860657578572371,1.4643413286541074,1.6645513735969522,0.06906984640677818,0.8064679683873589,-2.0142830860886214,2.75507745997695,-1.1024659981926515,-2.0209035752834588,0.8794105643204776,-0.6371641562701915,-1.9374976381862514,-0.7877102607971814,2.1613889440444907,3.5064345117913756,0.37213921676921535,0.5663845321452834,0.7708886474128893,2.0,0.0,2523.9094067995975,1.0,0.0,1891.881178774446,1355.7972164228627,0.0,1355.7972164228627,1355.7972164228627,2412.6178293445646,0.0,2412.6178293445646,0.0,2412.6178293445646
Frame_229,10.01540085371231,-3.3980150507407845,5.285154622346065,-1.339758664393312,-0.5695964835265612,-2.1504031479413768,1.8800524249968658,0.2492007231391017,0.8581795603525728,-2.185732511172404,-2.0844778637461574,0.2770974354070214,-0.8968242159540409,0.2421621018379564,-0.022634753632110094,-0.5466425846498191,2.027312170076639,-2.792902115387597,0.7399426028119207,-1.7875541206139036,-1.113521548262888,0.5660979182554153,-0.7179732960880107,-0.6200953662367193,-0.7543744209646637,-1.9092665062427392,-0.8146647635673899,1.3712494075295265,0.9308858697578141,-0.02275305541219158,0.56812189321052,-1.2434560797684542,-0.2710698917575981,2.081027555609928,0.24751169779866866,0.6587941433399047,-1.4038700276570926,-2.596125788555823,1.4760798066133016,-0.6705161509406059,-1.0725130020285496,-1.0554112460476412,-0.8747524671637384,0.7038826058380445,-0.1609317273738,0.3375462043323319,-0.5675114967095336,1.7850175652762836,0.8134213744589653,0.4000056622953009,2.0,0.0,1889.085262747968,0.5,0.0,1727.8269896703255,716.6342673617687,0.0,716.6342673617687,716.6342673617687,2468.6107835381295,0.0,2468.6107835381295,0.0,2468.6107835381295
Frame_230,8.331634719441183,3.4352700972574417,1.5581498731321195,9.335838945764586,-0.4855303812617208,-0.27007431006072374,-0.19701016632127022,1.681148238853061,-5.036234464410722,3.588724951485958,1.6692344651123967,-2.7259320770352455,0.9183349645506959,3.2728557181645788,-1.6517066052496643,-0.02469164074914761,-1.6017126779508473,3.2328608616330228,1.3579056812802157,-4.265727951007206,-0.6586067797125571,0.694865498031335,-0.7478709862257181,2.0241099556312676,1.2246209023674917,0.4436429328047559,-1.256352442509703,-1.1097447465643298,0.08096362759678195,-0.3893125188101136,-1.2351318730755514,-1.0612629694681635,-0.9755222209499066,1.066395038052382,-0.7900298479140352,1.3940754896149903,1.032365242620003,1.293205057976037,0.9148969828765819,-1.3462392543304371,-1.4951538413735996,-1.4721098048882766,-0.37636385152265933,-0.30380085146312047,0.23722051042164027,-0.0818558355996478,0.8287355761429479,0.3854311749952566,0.47916549361198296,0.6467197244670794,3.0,0.0,1960.0206768072576,0.6666666666666666,0.0,1471.5361133831327,1537.9954356862472,309.0625031168382,1104.7226939506972,1804.4865425475869,2210.3651617660075,296.7983897664262,2436.2413307717206,225.8761690057131,1791.046768727514
Frame_231,3.571321750435397,-4.435544152531425,8.846731391427085,-1.6635160230586263,2.8453816636306786,1.422049203439473,3.676214517422979,0.8403473654219402,1.3848674213539713,-3.237837012937844,-0.9330536531485776,0.38672586153636573,-0.7674811141803444,-0.6470539310750508,0.9530713523995921,3.4244125275870316,-1.5937477976453842,-0.18374244762714365,3.684728813760542,-0.9798658698175969,2.6161045384653874,0.1932454546005172,1.1552188145254483,-2.119257445149183,-0.12617085651221874,-0.12616484290323016,-0.5118499724350825,2.23624810309757,-0.04032045198982052,-0.4932789615701008,0.41717700582940714,-0.013661708287766805,0.026834807503215947,0.7088410159213968,1.0167365253040443,-0.687395592008393,0.3414305471931021,0.8884884440323818,-2.3827600944978964,-0.9729845288465963,-1.12432315002514,1.230613991410296,-0.682712083943119,0.8053938874043838,-0.1035904684018875,-0.8048834753417107,-0.8645710074172741,-0.8130709180089483,0.23935761678517253,1.1938334022093955,3.0,0.0,1995.2711837665256,0.6666666666666666,0.0,1657.2484755428677,1003.4530215001363,64.20480302664944,921.9804997132627,1078.903202408487,2517.1727006385972,90.1975791154057,2614.7991373715463,97.62643673294906,2397.2594537521536
Frame_232,0.9838714959012475,-4.714539471480999,-0.24038113121481475,0.35881951586677374,4.65679246964298,-1.8528525451573121,2.6588805076001654,2.067694262001742,-0.7868525782667515,-2.2857671395103227,-1.314474098825938,0.8187312257158517,2.8896842896500736,1.617178529845868,0.975710263704703,0.33058475483716593,-0.4930972384987564,0.5429071056118813,2.3727310564125106,0.9585466332908519,2.7210172927841763,-1.1857937921222972,-1.38384628055148,0.5960791738187466,0.053954900709825115,1.5956511834312463,0.7457028179129038,1.5051538198970782,0.24124739824435237,-1.135229860408781,-2.9799217040330443,0.3284016395423431,-1.327998471665828,0.9762992688528642,1.7511944275695854,-1.0026253027104806,1.52708682269673,0.954641334380301,0.6731902534607493,-2.375831009236835,0.7582978985716029,0.10054633572561567,1.0101662096179722,1.3751527240335042,0.7083433554340088,-0.027158896841551608,0.33273661719978287,-1.1315954109875586,1.2978555137609442,0.18859981772757584,4.0,0.0,1626.7891897761594,0.5,0.0,1229.5209870896347,988.8767557417176,309.3262970269588,619.4235253785296,1490.827460070688,2437.246249587606,147.68974548155808,2583.0274901170415,145.7812405294353,2154.1673266481457
Frame_233,3.753826916523193,-3.0599345477001076,5.208108506983598,-3.520886019084976,3.582490848561884,2.8369021342543412,4.812544979188938,-0.21173800050649452,0.7427054330751655,-1.96395806765061,2.406844597715206,0.5285208662207223,-2.17764229929821,-1.5699358667340857,-5.771250429555082,0.12983936839603563,0.08400410086204986,-2.692242164197094,-1.0899082351438374,-1.0339402836443432,2.308792054373344,-2.2121054426634963,0.5584457925394698,-1.7864550470392133,-2.1646205751571386,-1.9983949694141152,0.8093511560216449,-0.14916108735536424,-0.7313235435209203,2.9468517444268123,-3.4348746557600545,-0.37480630825992334,-2.408209075729159,0.15525923886005996,2.2207117154248075,-0.5877302126071909,-0.693224675658226,1.640264828858659,-1.0589239199868137,1.057564654213518,-1.9393047264334975,-1.1825795705641464,0.4451821750973471,-0.7009509824239061,0.7469339966961033,-0.0225160692422894,-1.5820176392000471,0.4350948556899856,1.1233440321544506,-0.3865247226001545,3.0,0.0,1931.8408640562575,0.6666666666666666,0.0,1637.0795310980081,1314.9246514992299,276.1767551106633,924.4800099900219,1518.8151054290065,2691.327167079972,222.3834466603626,2858.0892118198353,166.76204473986354,2377.025354506022
Frame_234,2.054799809938612,7.931479174522006,6.9247770078534465,-5.32750802254806,-7.772933772242628,2.99323516749868,1.6455041987208308,-1.4008777167681379,0.06017815380566388,-1.0657117131141813,-1.569369912886298,2.5840110714432862,-1.976868308896132,2.316438877360973,3.6989247574814934,3.8854539543001922,-2.8797801010286417,1.5856812997292844,0.8140461027477761,0.22127797052548548,-0.9054021026877918,-2.3430817621596383,-0.09769472413638863,2.9496444845188727,0.632266436647218,1.1264028871571488,-1.4329779864517715,-0.5210299348391472,0.3523979822788419,-0.19668429944364696,-3.030318811015417,-2.0668959743396313,-0.9642213529636949,0.3339213401131064,0.2617235156657278,0.6875129015287859,-1.6614929140455552,-0.6860861765356956,2.1423713068253623,1.2836548419528784,-1.198208893165238,0.7290595034072209,-0.3355498860224575,0.33249408274243714,0.21151698643958128,0.9786812433194892,0.5296417411003098,1.0352004294367072,-0.33429855598178826,-0.18784782419690488,2.0,0.0,2265.233024143129,0.5,0.0,1807.023411504397,1490.4595403236299,0.0,1490.4595403236299,1490.4595403236299,2339.6603661417207,0.0,2339.6603661417207,0.0,2339.6603661417207
Frame_235,-7.183875313047322,-2.1101849804271637,-3.3717071690142286,-1.8788373585159452,-4.071539529017228,5.106645568969055,0.40341496519307585,3.9034030446224426,-4.193320062735772,2.1349614167054414,-2.9332990511211667,-0.5449787710151914,6.0588003077904,3.3533340675807,4.551781583229059,1.013084495953687,-1.5164147283103575,3.2356682295071435,3.2848185044137317,1.0724820037158722,0.35212540149836313,-2.532003544739305,-0.5962232436096658,-0.9415551009418082,3.836342013830837,0.4844929776522996,-0.5906743049676463,-1.5533451662863587,1.390574893615167,-2.833877311610938,-1.1950520218494087,-0.014371546665744778,1.2684027943141891,-0.5447391361869145,1.6524638128668474,-1.2144664863641543,0.8833569455971132,-0.17568255719352954,-0.5026360022680755,1.1966645472532584,-1.2423889724349364,0.9636765963332629,1.0200960108201742,1.380815696966274,0.7623283555065418,-0.27977800514976414,-1.4152305933466955,1.8940629877531476,0.7511015791543323,0.1860108410076308,2.0,0.0,2405.685129117592,0.0,0.0,1625.7400604591212,1911.7515645616327,0.0,1911.7515645616327,1911.7515645616327,2220.8727074765266,0.0,2220.8727074765266,0.0,2220.8727074765266
Frame_236,2.507359865539385,-4.625608122758053,1.6503342321554415,2.2600175700324936,-5.4969869293319515,6.870743407326654,0.4115147541964881,1.0545817926329142,2.919816858554717,-0.676047023139742,0.8865576376257687,-0.6914906415333182,0.20091404398682777,-0.4001597826584793,5.883088371809924,4.594980555944886,-1.3501534296464879,5.139518101661221,4.100272747488528,-3.30360979126774,-0.45077296517650767,-0.08233650661614744,0.7152938724804541,1.3438908081964027,-0.6356255175812479,0.8785164337630651,-0.6763381539577684,-1.0464806441231582,-0.7417525767212263,-0.7450180871312475,0.15425833884192586,-0.47182928369524724,0.09055389407460768,0.3576915374689459,-2.5140216550937637,-1.8375196888534924,2.497409338284121,-0.31777034255637415,-0.8991899624715358,0.4439782725484295,-0.08492641665940884,0.8006431691146569,-1.0435257755973109,0.512377943536947,0.3897613476205224,0.8100824314167767,-0.034070654687570506,1.0942880280309422,0.55034234923531,0.8504644031999937,2.0,0.0,2161.863446347965,0.5,0.0,1837.479833395848,1577.2459828044132,0.0,1577.2459828044132,1577.2459828044132,2542.9254406434748,0.0,2542.9254406434748,0.0,2542.9254406434748
Frame_237,12.838715123964771,-6.150168797440818,-0.10542315788748319,-1.0247753331625713,-2.152876931740324,-0.3907655120444036,-1.701156559297853,2.7218500953270963,2.3223246942393976,-1.69172940645908,-2.7265618835295276,0.23397051792410248,0.2268914512434883,-0.7849166518681543,3.485604986637971,3.5854601495881497,5.238836417744817,2.1026464378877234,4.914012959169203,-1.623702826556324,-1.6580570779365895,-0.4126316434565207,-4.145939710694551,-0.32317163128576654,-0.7090081258033764,2.0726549937697762,-2.746290102144796,1.482820454185331,1.8233361376862138,-3.126367492285291,-0.2791349424835777,-1.0160159154804742,0.9733947990737667,0.7775585626813916,-1.3901130781800601,-1.816000931717699,1.9456892613036476,-0.7521451590136885,-1.4314749282905692,-0.5944059610346071,-0.8167825776244481,-1.1309134489011627,0.6215854535566947,-1.330596445328612,-1.7636995582834438,1.4102019443920044,0.5405134623827047,-0.5625011942278184,1.8157710010981496,-0.16751477828567812,2.0,0.0,1422.443862567771,1.0,0.0,1191.2743204768044,872.3841995631598,0.0,872.3841995631598,872.3841995631598,2205.1620148386237,0.0,2205.1620148386237,0.0,2205.1620148386237
Frame_238,7.326402397321667,-16.79319943631574,2.293322318881502,-5.116266562420224,6.3812307382075195,-0.11089014376748046,3.4677292029256304,0.7267886814405609,0.782063974833829,-0.025882621351098686,-5.497027185112217,3.550785334577542,3.5801274516537656,0.9117900627138782,-2.159859425596264,0.1191599596871693,0.36110579870685555,2.86179575405148,1.2987528652188838,-2.653251486116721,1.478881644376222,-1.8610803419039135,-3.884862972824272,-1.6424240228945726,-0.035235414873261206,-1.8176479836094614,-0.8342276020188508,1.6838072422836556,1.6223142745501444,2.784970267260556,2.749752813310877,-5.33180363682478,2.0677027158511407,1.4726471831180532,-0.13815436258058056,-0.9834511822751533,0.543460774877762,-0.7230570830474168,-1.8021343290856058,0.41438436008648316,-3.4605116465915415,-0.5362172439400733,-0.4200031009071403,0.09579166785625087,2.2871688340819594,1.514709154637031,1.05583407561623,-0.9801864656043145,0.3678619146214344,-1.5670692430784618,2.0,0.0,1584.8802592469292,0.5,0.0,1384.7713100636176,799.5663579033848,0.0,799.5663579033848,799.5663579033848,2589.9879688878623,0.0,2589.9879688878623,0.0,2589.9879688878623
Frame_239,6.465479280637096,-14.620272456191854,3.4037851096298124,0.6363556583381287,4.540058454335131,1.3193793638680795,1.0086615152413696,3.332053542153055,3.0351776251077993,-2.759747106119104,-4.585629540942865,1.0216340584831662,-2.141622977322986,0.09857826910027727,-2.3627630596521487,2.1827513954242272,1.9404881643744065,2.243959770260905,-0.8110299831045302,1.7059893912829573,0.967745706863542,-1.6653418782082343,-3.425855526544361,-1.399923028925516,-3.144847437048112,-0.10322331868532153,-0.35445988756871444,-0.7749812028108183,0.6176604928958175,1.3852689593328902,0.4395200191313247,-0.5127845349707787,2.7517962773510316,0.7004785325110665,-0.7492132296116714,-0.7193554652268194,0.56085734123062,-0.47556672966324975,-0.9251377298859851,-0.4062945672115166,-3.1347960845020792,0.41881536194763336,0.5706639902961098,-0.8858004412589786,2.7325549385601478,-5.311298264126796e-05,-0.2383729972536054,0.10619681097185651,-0.4234820524762405,0.9712160960455428,2.0,0.0,1625.825828894526,0.5,0.0,1466.6624493588115,1120.5375909921142,0.0,1120.5375909921142,1120.5375909921142,2595.0384070552227,0.0,2595.0384070552227,0.0,2595.0384070552227
Frame_240,7.957746747330892,-10.158338862512844,8.597974199499792,-0.9299772836712243,3.5936609121885654,2.62469059754052,7.279496831653547,2.115016582240683,2.735161264095134,-2.7617097580535566,3.2826414524466228,3.005897694986976,-2.242680848248086,-0.78342621906955,1.582088867892724,3.941626606310929,-2.2866182067861005,3.664631791393677,-1.7730369750174482,-1.0791905090391882,0.9284412899047965,2.551706065549389,0.7515186591943108,0.47378814756890564,-3.112510318700397,-3.3463166855868205,0.6762739486760034,-2.1254836972740185,0.8181704781478797,-1.9110692114101606,1.499640830047464,-2.8421565912700637,0.8075752693878036,2.850184505166224,0.11244455501169204,-1.1536977436180265,0.38883706945286406,-0.20826379687938937,0.6718298931910416,1.0049942878419413,-0.4438871397398432,0.4756063203587162,-2.656010006355322,-0.675801005738235,0.41505232560638516,-0.16889608331786377,1.8765596170688301,0.896028957669881,-0.5415255766990086,-0.020255230908645117,2.0,0.0,1576.2302045641763,0.5,0.0,1479.9152123946485,825.195722264733,0.0,825.195722264733,825.195722264733,2562.9075897728017,0.0,2562.9075897728017,0.0,2562.9075897728017
Frame_241,8.110150831981944,-18.126714868791588,-0.8080827887982642,-4.609592408354905,8.097276906928872,-3.3592513411147613,4.397226461256084,-0.7358592700985114,-0.5789538887496974,1.8123097866237585,-0.4617605493483922,-0.2889531749557246,1.5311775733552735,4.3198957119838575,-1.9352742715571976,-4.18327054924191,1.5482599904190883,4.476733367845093,-1.2554470085995622,-3.286531722020212,3.6574515831643475,-1.4234744041890521,0.5607653487862942,-0.838688932240482,0.14420030214669072,-1.8461173394215011,0.11087703892143663,-1.0665514200011916,-0.004471987835981461,2.901179963105563,-1.4689794745454312,-3.808055539527543,1.6587237580687129,-3.6745050616996604,-1.0425730774068893,-0.34858381593358834,1.7479695344917832,-1.200489716144667,-1.4971601835422217,1.3183888160587864,0.9258496153932647,-1.0473777296528397,1.5164794499533851,-0.47016145598929077,0.8233393515346267,-1.373916889231992,2.3185893755122797,-0.42260610734831217,-0.46651298079698256,-0.7913913709802795,2.0,0.0,1596.16499526478,0.5,0.0,1341.015590257127,863.5398414863232,0.0,863.5398414863232,863.5398414863232,2616.3147844511986,0.0,2616.3147844511986,0.0,2616.3147844511986
Frame_242,4.843228688906136,-11.925476900585931,3.225229222142172,0.4954512681048363,5.021932061731164,-1.7266029416699824,0.14869081578531262,1.4815650857298481,0.8026401547733731,-0.24494217592807804,-1.0156484469241276,-0.9106899909154187,-5.374931476436285,3.0019974595205343,1.5444864629423467,1.1336703226226612,3.0865611569092306,-2.026316442744856,0.14050620118643153,2.360156462387495,0.16811128855438207,-2.8467398260787133,-4.604207782649809,-1.6884883466165435,-1.8740620167147117,1.6296625472491075,0.6677007978783662,-1.9254025409516597,-0.351635305841973,-0.28080137390503035,-2.48399799229933,-0.20179524337160054,4.365398803708998,1.0884797270762756,-0.6163760960279533,-1.612706998987186,1.1221259756415094,-1.9687862004617518,-0.35868007882398467,0.6550772241741969,-1.247520376746967,-1.1546481141858536,-0.12101906732169083,0.4496873422841927,2.559621294920027,0.5106266855708705,0.44690140721424454,0.458698258418836,-1.2843064816983851,0.6568772781164967,2.0,0.0,1686.2922152249253,0.5,0.0,1563.0568199189697,1246.2931771854282,0.0,1246.2931771854282,1246.2931771854282,2458.766322159577,0.0,2458.766322159577,0.0,2458.766322159577
Frame_243,5.096977489789812,-19.004452555066642,1.5160896195456193,-6.8197026554294755,7.190364518904145,-3.7049260372992974,1.4131674720798437,0.30072043740732646,2.835343048535369,-0.43943489137922875,-4.104338657121776,1.0206968897707822,1.7562755569758686,3.666280358563153,-0.9701330347376004,-2.172774789949808,2.0254451515232055,-0.20915148372928183,-1.7275841469450313,-1.2412210419379024,2.946326858487426,-0.7142076483820079,-1.2918810583605718,-2.3671845524831836,-1.3785260625726465,-2.400846927243164,0.7935276739659061,-1.507810795202833,1.8672992324637698,-1.0195094292490785,-0.33217722153048274,-0.520820435706555,0.7906580411354902,-1.9506707800839784,-3.7930947872568064,-2.274920316903771,1.5641796133150625,-1.535397954081607,-1.3294991612600309,0.11423003393504727,-0.036261480963799664,-3.254061472449326,-0.563083472618251,1.953225096658802,2.054544318586282,0.2959121942805508,0.6669517977095767,0.6912207644266366,0.14675911787440366,-1.2505511355223284,2.0,0.0,1565.040963404949,0.5,0.0,1310.0953587278773,682.6215299391262,0.0,682.6215299391262,682.6215299391262,2596.2641616224005,0.0,2596.2641616224005,0.0,2596.2641616224005
Frame_244,9.8403803858956,-12.604747099019953,-7.132094850650381,-0.0403061715280606,1.8012021487959036,3.117765608478692,2.2768999222078805,1.3012797285730247,-1.702213246944934,2.126461981854373,0.8179793611162369,-1.3551768152960042,2.8185130451134497,-1.788867873787133,1.7902451995842654,2.0533869059204717,0.4416043349271644,5.033071684520758,1.1005552675490755,-2.584852640539172,-0.9119818311786688,2.8893949280563147,-1.6515105375931225,-0.985040877044147,-1.0816166237596203,-1.0494269924519661,-1.3177559783835358,-1.4340209882939234,-1.732936737364363,0.6888020217445381,0.37679230658133506,-2.204667590237685,-1.2776703095801134,1.7579328896814925,-2.1132932756746476,1.1656215946130164,0.5650475293650641,2.0361883287000797,-1.7085437126026197,-2.3405681076510274,-0.030222699612877324,-0.4252084170230106,0.12477723697256804,-0.13657249972220079,-0.9212232507219996,-0.1933685854556862,0.5145695711085456,-1.0935730816465221,2.5035517902918016,-1.101809156957459,2.0,0.0,1486.7062151062064,0.5,0.0,1257.3426375227534,660.3114217511385,0.0,660.3114217511385,660.3114217511385,2186.922310418887,0.0,2186.922310418887,0.0,2186.922310418887
Frame_245,9.204599751826926,-13.561288014045523,-1.0987223820779708,1.304749768272413,3.5786796739476596,0.27536385577130673,-1.2247583400847084,-0.802504855441238,4.359101695623585,-2.2857834603047182,-0.811650638937202,-0.5339686832190257,1.7432101131217612,-1.4486135471981,-2.848428529197168,1.4834374020673482,3.4595315361309056,4.001188502169153,3.485625767874654,4.8342028867081295,0.8976797575144011,2.6764747528383626,-2.8370819381161745,-1.8637206604391243,0.761823918929047,1.7423732636240221,-1.564395439215648,2.14322621299596,0.9270561486746262,-0.5722250687016646,1.1576701119003445,1.356341101858602,1.3466918551951557,1.1233828044938403,-1.6797308916618074,-0.069678082112334,1.390932216929107,-0.33147924766066217,-2.64194746167761,-1.8418674850811891,0.28223823538643544,0.6830088164637829,0.11057955519405416,0.825887787439773,-1.0063897262570767,1.542424539792294,-0.5536029480103365,-1.3415248004182592,1.6297936046336214,0.10358443463559168,2.0,0.0,1588.2925577379488,0.5,0.0,1514.6670595639569,693.4806578779885,0.0,693.4806578779885,693.4806578779885,2154.296284833928,0.0,2154.296284833928,0.0,2154.296284833928
Frame_246,0.8932700726019279,-2.6840137311152827,0.8655301127438927,5.392330744952328,4.120591730174755,2.384135236153947,-0.18879981654655995,7.0485509688462145,-0.12944771379482067,-1.031609631743356,-3.1889899595730893,-1.6331913114498917,-2.3384859490141108,-0.542937622687733,-0.3130376049422443,-2.5841737834099074,4.08558734398052,0.9561535865034925,-0.4730778138183111,0.5879446299507323,0.14051188786698096,-0.6759402914651392,-3.7648021087705303,-1.6408257609516224,3.7185401737351502,0.4745055420708368,1.0601223416541659,-0.94506485349784,-1.4281913230850967,-0.9040047246897741,-0.08562826266793437,0.8684385057242334,-2.241050142620947,-0.31303976463897104,0.17799204694391166,0.6810585469520309,0.33718713407205686,0.47874702053686247,0.5094829115386923,0.9203927430584399,-0.5766786665001308,-0.061828879248715496,-0.10539583256768548,-0.17528605641210368,-0.4329936861018151,0.5034991150871134,-0.9076808902300839,2.0435540300524746,1.1168655295413832,1.4198131343694442,3.0,0.0,1788.3607218944883,0.6666666666666666,0.0,1464.480397472173,1214.5176357825292,61.37217858636868,1136.5127448130404,1286.4783002010133,2526.3577548738717,109.19783503578107,2653.725851765599,127.36809689172742,2387.0478068605507
Frame_247,-1.1179008536552688,1.79215480848993,0.2464088271718481,2.4731470153996855,0.019745310936487792,5.623561744886041,-0.5761087209434561,2.236979538543319,-0.6925991562286447,-2.3043140726973173,-1.742026405942129,2.5090629321108504,0.5118361776625946,-3.575708647108077,-5.660027662998049,1.7017853455752419,-0.7690626858033649,1.553531262987189,1.5157986708222007,0.8629143417013286,0.6250549977627441,-1.9239319242999078,-0.16111538926117364,-2.21879678591595,1.4126586935587229,2.208725982131799,1.5006876096175679,0.282895571208262,-0.0835567512516409,0.8026420345633994,-1.4927226600864838,-0.7760819282023597,-2.5660714362945933,1.144578933752733,0.21718910485798243,-1.1928471484101593,0.6056921094307082,1.2809449183428172,-0.4421704675055893,-0.23463417319200103,-0.2525968523633034,-1.0432711863151587,0.11361782786867278,0.9532929178090682,0.38057389500901306,0.3381573320310109,-1.2211145185135834,0.9302084369182004,-0.5596974989300092,-0.2812630406124593,2.0,0.0,2123.298468908449,1.0,0.0,1938.6154188520425,837.6813544821697,0.0,837.6813544821697,837.6813544821697,2624.758441055051,0.0,2624.758441055051,0.0,2624.758441055051
Frame_248,3.0605872015077473,-1.9426882985593756,4.13599911009635,-1.267739803709423,-0.19489006841764997,0.1272347943408756,-4.706960225782015,0.19571562139490895,1.2520759106088,2.088593082685458,-2.1230469960161296,0.11806839603547914,0.86559425786725,-2.774073154030713,-0.7162260507171876,1.3114028728140328,1.0218934221404479,0.4513654787940397,-0.8278721412679355,2.231332018826821,0.6754483876691303,0.9682741557329503,0.1851827702846829,-0.15631735785863343,1.1135517633385754,0.5206135020583124,0.8236194882850121,-1.0340759575632794,-0.1727126846123881,2.0715602037318734,-0.457787862813473,-0.5380796160712585,-1.8688775282344907,-2.0158795467893444,1.213663441263485,0.5961128241794598,0.25245033578886894,0.4623745912469003,0.2818277567766877,1.0012100573524498,-0.16560426355546043,1.9193204696123742,0.5768978055265521,-0.58398950327059,-0.2323688729039946,-0.43354897529284153,-0.5356155498998709,1.1295387560831756,0.20153393433058703,0.6446886793866213,2.0,0.0,2364.242585118264,1.0,0.0,2017.8005621082464,941.3205430530304,0.0,941.3205430530304,941.3205430530304,2575.4701291939396,0.0,2575.4701291939396,0.0,2575.4701291939396
Frame_249,-3.719020132163385,3.2612625465157725,4.830211450985787,-7.7773939407417805,-3.420594782682893,2.9079340922475434,-0.6302486038800665,0.855709431645276,-0.044748083278731525,1.6568638594384963,1.8218768355952002,-4.450098315540094,2.8983870172845703,-1.17806885609801,0.5236843490060139,3.9460239453396473,-1.4166885664794282,-1.333289245855465,1.1177194059681628,-3.226426734804263,-2.448695466564001,1.994695572128935,-1.342600550012207,1.928222106475751,1.34265121403137,0.7338106188221126,-0.7047878107293808,0.7185125955683733,-1.167404959837231,-1.805385485287517,0.08872036206313028,0.3172284000998107,2.354689142257892,0.31300064147866125,0.8184421219576387,-2.821970003227277,0.47058952898138123,-0.5654714353654966,-0.28170595567676204,-0.7572889695622397,-0.924361928775014,-2.1160890478435803,0.37460225682362486,-0.40222615042575427,-0.3306108252105725,-1.1928305350218016,0.36742207458986786,-0.1639892232673394,1.0052366143640974,0.31012482363227445,2.0,0.0,2088.4198433836805,0.5,0.0,1636.4305339620548,1468.6249805714604,0.0,1468.6249805714604,1468.6249805714604,2460.1022465325796,0.0,2460.1022465325796,0.0,2460.1022465325796
Frame_250,3.01812648922978,5.226467613373265,6.907668468873386,1.8257897762799349,-3.3367736067132983,-4.670766225255674,-0.16755321497289621,-2.066301025431603,-1.0606150496519784,0.04631369691894638,-0.016930146687298198,1.0183451473390788,-2.4281154178895887,-1.8042770741678296,-2.4043696071413243,0.6261748346482017,-1.658044800250861,2.1653824919161884,1.002659161937844,-0.14446609538300786,2.321886220177224,2.7033198042560294,0.7500088164800508,2.264015600579494,-2.866551535054294,0.5055981854665974,-1.1592331654645238,-0.1148781927840532,-0.2558401640326183,1.7573059603513141,-0.9054775235750759,-1.3080320248223676,-1.6749845270060628,-0.022894851925863102,-1.5214089794784125,-0.672351694196281,-0.06405689460555958,-1.3040059847756666,-0.033585195646554766,0.9011295636090962,-1.9927396807390623,-0.8208602809716228,1.7927559943342406,-0.6485392855738992,0.666431945562197,-0.00895092152702457,1.1206876870824634,0.8360200978328232,1.7862382544899544,-1.825154331991954,2.0,0.0,2190.673562745248,0.0,0.0,1502.1583843300518,1886.1798473642896,0.0,1886.1798473642896,1886.1798473642896,2531.61125864394,0.0,2531.61125864394,0.0,2531.61125864394
Frame_251,2.106021602101195,-1.212232252161486,7.961295638524496,-2.843443901685477,-0.6630622209168325,1.5339817244732321,0.649311473337233,-1.0747248464447976,-3.4074263662945405,3.677220188188843,-0.8241979538106179,1.1190109993533024,-1.9110211504755712,0.8440536111941578,3.2188123398691046,-0.20871857832563054,-1.1339086995287768,-2.2868566263160495,0.871832786559859,1.0297185767710333,0.5196374469771692,-0.4195472652401681,1.024055769600247,2.037983847483822,-1.7810215130782563,-2.8222594052719927,1.5920826751115633,0.555549028345879,0.7496866969132773,-1.3596162903837987,1.3380417003587948,0.08513059517083436,-0.6405651671298864,-0.07526941204818309,0.9526771221498412,-2.027258505433226,0.010717836886624385,-0.6862990329098689,1.1135632066706258,0.35433079272842544,-0.585068358553348,-0.9372590941987751,-0.060692346274468255,-0.7553859455119373,1.1831409353382647,-0.4618844209095027,-0.9198506210883788,0.5151587475273844,-0.2743426019565996,0.19892301023034145,3.0,0.0,2001.0648839683006,0.6666666666666666,0.0,1412.9759631022014,1453.8894293861138,184.6811337910024,1292.778675705369,1712.4705783883053,2532.1731388349663,51.60888026615545,2571.2168460118382,39.043707176871976,2459.2480411418455
Frame_252,-0.3869888331217887,-1.8684934356287866,8.56835527841829,-3.1316248330006524,-1.208410107401985,3.9664312493274267,1.0718269032234546,-0.9797919359569223,0.6808572029399524,-1.3975776762433456,1.2722465249074795,6.114514220417036,-3.7733636506308237,-3.1324257861190694,-1.1116535421082079,-1.4215219509600505,-6.572887772716626,-0.8950180309167658,1.639814940608094,-1.2606367056131065,1.2732021996463265,0.21510610256662235,1.9962008164408374,-0.0659229783123469,-0.9839018993270036,0.7061383742212503,0.5484267645367238,-0.014323562378166343,1.3004339148689494,0.1637828654011375,0.03228093561297237,-0.8603984782178986,0.9548000581143511,-0.550811249681978,-1.3167086969485045,-2.2250254645346486,0.8020408022857216,0.24998661275209513,-1.2830954085487882,-0.8029903277637533,0.7124812556558998,1.016954451195711,1.5488017156141758,-0.3549180309622136,-0.6355618663793103,-0.5185666896310703,1.015625308534473,-1.0869304750063924,0.31501471874384496,0.674810648396248,3.0,0.0,1819.0471856225383,0.3333333333333333,0.0,1496.4392608041428,1641.5940082555787,398.0122951506566,1100.5021770935741,2046.4358780718135,2444.1743288708376,113.27311527838634,2528.7457345977596,84.57140572692197,2284.066913376236
Frame_253,0.7611381189678283,-1.822194644575409,5.753665643147677,5.205212469503248,-2.0315705566636493,0.15429720479610798,-0.8849447948507502,3.3601803287833256,-4.632491095771439,0.005712955807146036,2.0544778037162548,2.4836861506186994,0.12144419260878436,-0.8984415746175527,0.9142564617451938,-2.6413006675331756,2.561673170770834,-1.260158001882862,0.5532959561072266,-0.5884767146029415,-2.135274858438861,1.3807909100701883,-1.9492033565546398,-3.4045124502036943,0.6282406861564444,1.2605452391578758,0.5603033813512392,-0.28874631693303904,1.8891564217446963,-1.4901563176822672,1.0105254927273375,0.4285931183245077,-0.9042671696021043,-0.7339408001268557,-1.5338324265618817,1.263354852297141,-0.9325596161026377,0.8218163475164908,2.093162630557677,-0.47151027116677846,0.5261186401660323,2.0199878043290873,-1.1791100155040641,2.12532934683516,1.1846887021457766,0.482493234871184,-1.16335182339103,0.14984139162406881,-0.6610655855705102,-0.39766924941236603,2.0,0.0,1859.5608603330716,0.0,0.0,1333.708405634065,1541.8838700574408,0.0,1541.8838700574408,1541.8838700574408,2520.142313880588,0.0,2520.142313880588,0.0,2520.142313880588
Frame_254,1.2782978061556092,-4.356500202113847,0.44982908405149646,0.9065086251296326,-1.5289023833612119,0.9620595508175882,-3.7000339890605796,-1.434519352173055,5.375917381916372,-1.4704895013739603,2.2370456615891214,0.7137619966811162,-2.2611132808268755,-1.8433500927965318,-2.4643672328872954,2.4284833438871254,2.700564411034138,0.4735267773055626,1.520874538353258,-1.6910417232209827,1.0966770527971372,-1.1911931274649434,-0.22489570170296072,0.2808140102691992,1.9968104625507226,1.1681164794900118,0.46415349561844954,1.3338283406006957,0.8507327699180287,-2.8368138391066777,0.2286156612741956,0.44592240866671345,-1.1618120925642295,-0.6857136981612928,0.3941483248708292,-0.9267040193062219,-1.1696615840923976,0.039124942525139095,-0.3451070507173145,-0.9438667304408638,0.20735834077129944,1.2933118587157353,0.4995690135804012,1.4883964606714333,-0.5665427259145219,-0.12582109974530722,-0.12610070815379282,0.9495250411650991,1.2690954341351328,0.7956059631660447,2.0,0.0,1873.32602438927,0.0,0.0,1361.9968135704003,1340.7365253157445,0.0,1340.7365253157445,1340.7365253157445,2492.044339508485,0.0,2492.044339508485,0.0,2492.044339508485
Frame_255,2.2535474142589322,-0.03543962352407681,7.438632052765461,0.500367719855511,2.4609355492142617,-0.8621393135495146,7.317817736717549,1.3677988376998156,-6.755290383023628,0.38147611413282345,-2.653294501455853,2.2102188081679284,1.0320628294453116,-0.8660873707057397,4.510154239129742,-2.200629764160699,-3.3607533616916374,1.4160668572483253,1.2985413490794007,0.050993040321314353,7.157067074381892,-4.451596510413362,-1.2468412433477885,1.1459003231873495,1.844238348798247,0.8093995776492771,0.8251972437254944,-0.5133370169366298,-1.9169677929475055,-1.791865510373022,-0.24204539761139943,-0.5528786769974872,-1.4403707117550384,-2.1985751668993947,3.6990254976176904,1.0547781818208262,-2.074184498973275,2.4891516369511217,-0.7472365951831148,-1.1736047100726634,0.6141549594388862,2.8954683792786238,0.36228421834134983,-0.32932455747929407,2.241743894091311,0.12887367881242448,0.5871509610615939,-0.46523836735658886,2.24927476476966,1.3239793148226826,2.0,0.0,1864.4187099228102,0.0,0.0,1358.6777000058592,1190.6397892107957,0.0,1190.6397892107957,1190.6397892107957,2474.606026667383,0.0,2474.606026667383,0.0,2474.606026667383
Frame_256,-0.3615403703852502,-8.113395370748279,-0.9116216565603472,-0.031190902319926384,-2.3640811381178137,-3.8642372062047974,-5.28084230014926,3.4702044134676937,-1.7074455795749168,0.16340730874845327,-1.1144176848737832,-0.12879420094852922,-1.1288781940877997,-1.195780591909869,0.8016306865070537,1.4721785519587043,3.0040605780893443,1.596035746917801,-0.46725935085003056,-0.06887034598846582,-0.2026683849030424,-1.1007217158788718,-1.176504408356618,-0.11573573897002104,1.3892041282121286,-0.7690835224048118,0.37210434735699505,-0.8090330322438143,0.11986368268018188,-1.7871134540494895,-0.2088504232047697,1.607656351081804,-2.5495029652869077,0.6043593232426253,-0.23329494558974,-2.942529826113427,2.1127767451216757,1.6533217388113886,0.736531216823002,-1.4491914151873355,1.9866534759549164,-1.1265274769970666,1.6743428967277416,-0.2130202389980922,1.079476462164973,0.7160430565914957,0.4764481956790524,-0.834998041994035,-0.5378216268726297,-0.8524713953012484,2.0,0.0,1919.5073779847125,0.0,0.0,1361.385995655639,1537.486125403007,0.0,1537.486125403007,1537.486125403007,2453.3495618879015,0.0,2453.3495618879015,0.0,2453.3495618879015
Frame_257,-3.5427917136508125,-4.221097468276779,-2.0441562124436103,7.731872058817225,2.0755665069642975,-2.097190181281162,-7.366668415812783,-1.5474237875729435,4.122511441408159,0.2959597003802199,-1.1889309559664816,0.0067173854096525265,1.4637327793845234,-2.2556115891228243,-2.337182690068198,1.4419319749002941,0.4339060697168162,-2.653839585217359,0.02260315121608719,-0.8111493143794051,2.4210588640661372,1.6763993978870773,0.555855778915437,0.6895377204567565,0.06486578416742428,-0.30760525650488457,0.7049429034984032,1.9596488997655084,1.8980721100794218,0.4251581522581635,-1.33486880540214,-0.3860660933365565,-2.4158981757733637,-1.5348853610516304,0.4249207538861178,-1.9955626723682458,0.13342033610315482,-0.8303837792180331,-0.8726157045803329,-2.156360234267548,0.20702878006380415,1.3278346537866028,0.5762539062332547,0.8096090574518785,1.1286629365181269,0.4949607291134787,1.0260355741880423,0.9210096239945107,1.9607297583782217,0.20544937896991472,2.0,0.0,2001.2317646281563,0.0,0.0,1558.6770279542982,1299.3185499701988,0.0,1299.3185499701988,1299.3185499701988,2280.8696017745697,0.0,2280.8696017745697,0.0,2280.8696017745697
Frame_258,-2.0740546079784825,-6.416727254034495,-1.1866940482804562,-1.3071235949679005,-2.6304066373108403,-3.0882929749733212,-1.751951752776193,-2.8607623369357977,0.2290207313026822,-0.6165438743911908,-0.7215390843097762,1.2561232570799312,-0.8606528902065949,0.7066630803259323,0.417662229427594,-0.40528438546679424,3.585345215735337,0.6845203637425762,0.8612478718284537,1.8086343299197218,-0.5168725135969319,-1.9052629575217135,-0.98545033309899,2.833446926153594,-0.20419712892662867,3.4709335286087173,2.9964560568968617,0.46014723777592703,0.19423188337177144,0.5700172480981474,0.3739851090263602,1.746488566573022,-2.8271912295118247,1.7087229523272622,0.45858605596802615,-0.9364480382918006,-1.444350766740093,0.42253426504949476,-1.6895960288045528,-2.2796577117517383,0.9578564847849058,-0.017715370739300573,-0.8776240395075772,-0.3092656479676438,1.2971103189866287,-0.11350390323490507,-0.832695542619842,-0.41895082600668626,-1.0532479610532004,-0.07249024933292539,2.0,0.0,1931.9858007498706,0.0,0.0,1330.3104528143433,1557.7863381054801,0.0,1557.7863381054801,1557.7863381054801,2444.74029447918,0.0,2444.74029447918,0.0,2444.74029447918
Frame_259,-5.9996040587296395,-4.148482111847512,4.2909548964047355,-6.241235844334154,-5.762903222393852,-1.507632178480757,-0.7980599992931441,-2.804226281109506,-3.855165932772015,1.7713283561909816,-1.7267034621109623,2.8827851626339895,-2.214795025287992,-1.4459945302694464,-4.139779278306859,0.4416335386153706,0.849641178162712,0.19299853676482526,0.4001668835751382,0.49371852105767866,-2.262172331003667,1.9673936316601623,0.08561585180041242,1.784939829379049,-0.15247438573794087,-0.8295321807395022,0.847890912122719,-0.9883620232279051,2.0944704074205687,-2.376987781181489,-0.004777671955789153,-0.4888854238739381,-0.39637423477738,-1.400886264367827,2.8046496901844615,-1.2679453769183708,0.2977968630121632,0.5360954079836362,2.451809663680593,1.0268303522779925,0.7498440989003784,-1.0486791423308504,-0.581835606435048,-0.42817320143300885,0.6567862164848868,0.5785360275761928,-1.2430811532785295,-0.31841603406261615,-0.1442767068968705,0.012733089260354352,2.0,0.0,2946.16538865871,1.0,0.0,2945.920665279644,731.6716823881641,0.0,731.6716823881641,731.6716823881641,2437.1516180357985,0.0,2437.1516180357985,0.0,2437.1516180357985
Frame_260,-3.72606187456653,7.461606595721799,3.2030275708473988,-2.002985681434234,-4.2303362200904555,1.485750761213319,-1.6480458548306245,-0.12528186397372332,2.444866724445449,-2.6258943231087173,2.3760882855801153,3.246965544767245,1.6317428368084976,-3.133624192814378,0.48938424461825747,-4.131929339964128,0.259693040486241,0.49562903595402863,-0.28436742035052387,-1.348640395740421,-1.008389321540271,-1.8683142257737375,1.378047303374978,-2.2976032228727474,0.06338628903638899,1.3074892263564186,-1.3013027345045716,-1.8959618618385667,2.6596294341537186,-0.6025182449159114,1.1162519800062527,0.42060359530592417,-1.0913640621716176,0.29734417062222357,-0.3767081975909755,1.789707401096532,1.2550181887854248,1.1174835028186467,2.428784303030688,2.4647494230117513,0.693771624539035,0.5350787918484629,0.08098664551088137,-1.2483700625686105,-0.10013940123471077,-0.27427699724306775,-0.28410420764160077,0.02155581148564141,-1.525745873946416,-1.222006341435526,2.0,0.0,2230.1521478325767,0.5,0.0,2089.661243797433,1556.1076107783333,0.0,1556.1076107783333,1556.1076107783333,2516.872492825518,0.0,2516.872492825518,0.0,2516.872492825518
Frame_261,-6.593096145702694,5.689233686793179,-5.3468427106844665,-2.472754917971307,-3.9085869523289,1.515598803844193,-0.11401448026795413,2.4989482497797875,1.5127813627107543,-3.995956235221568,3.309853432378834,-2.2023924556629986,-3.73399890423269,-0.9843207525471639,2.5337369002684835,-3.0073392243447667,-0.9790920690375813,-1.400033351539625,2.7112903643044834,0.49786073071683556,-1.8649358443168378,-0.30706942928347225,1.6302420862993243,-1.6180377820780758,-0.37883557933394774,-1.2463095700228315,-0.27347603473436866,-0.9091461024834705,2.523129461861591,-0.20553995227713573,0.8641420374701968,-0.3181487165389314,-2.5920888907729225,0.5279275496754048,2.3020345961556594,-2.9832552574121007,-0.18535549686795189,1.6657782694008554,1.3114229901389791,0.26762311704294883,-0.4235705129827071,0.5257887279418324,-0.5373680320785295,-0.8128392213283416,-0.1339669639707729,1.9146877628734735,0.4309396810087318,-0.016803570931940848,-0.35781242029409766,-0.0284133363781783,2.0,0.0,2369.9433612524963,0.5,0.0,2190.3559385333747,1652.3642771277046,0.0,1652.3642771277046,1652.3642771277046,2449.8331004010142,0.0,2449.8331004010142,0.0,2449.8331004010142
Frame_262,-6.917848359432829,5.669815488714263,-5.120320820388685,-1.8104361664088764,-2.956596430444695,-0.7750247167856823,-1.396341856684229,3.9299666708381205,-0.6141495338469299,-3.712413138177349,1.0389070494604093,-1.8638909247850217,-3.5927695467578933,-2.0029718173914928,3.459899972558464,-1.4688414617168108,-0.3528416950920855,-0.2598778939826394,3.5943700495891733,-0.08490547670991395,-0.7925665923516396,-0.25049557877890494,-0.18232200840650126,0.7927280572674291,-0.9200820366830813,-2.4389849304068756,-0.8308384185947144,-0.8282068630643937,0.8288701277269112,-0.39606087370130844,0.4621970052166863,-0.565005404700549,-2.734528412385533,0.8838838577735765,0.9234853824809633,-2.9942341641216252,0.3519399618117266,1.616615291501495,-0.3707637269541937,0.03039137450449836,-0.0479383468472786,1.0288639773245856,-0.24075792351295305,-0.14637640660764004,-0.6951848684236662,1.23669793299054,-0.2805641952263179,-0.9178062112751839,-0.11455678797418495,0.020885787083379403,2.0,0.0,2339.735893662201,0.5,0.0,2151.900547724235,1656.1561607813649,0.0,1656.1561607813649,1656.1561607813649,2239.5039868932445,0.0,2239.5039868932445,0.0,2239.5039868932445
Frame_263,-1.316109767220438,4.928817638892104,3.7478580881916708,6.883329758607019,-0.18612550451073762,0.9988714588006893,-2.5268382808006034,-2.692398503056297,1.2766477144501955,4.198117461602798,1.8104646059171488,-4.102439623048872,1.0175088821190343,1.6079733648577943,0.309372108188838,1.0420184260562415,-1.3742019872319857,1.8298302957940444,0.6075569831406729,-1.3205828742793733,-1.4463465407975327,2.7865607242889583,0.6884904110718892,-0.7762269521133633,0.3735389688250223,-0.9338213757911292,-0.222772010569888,0.7267497229905938,1.0627555415921295,-0.05079208193872109,-0.3842280954888364,0.22058570038448239,-0.3976767331293686,0.3228945569144772,1.367811351841926,-3.2400495556329814,0.12184606490631078,0.29396075558814716,0.6827688078548719,1.4017255428688875,-0.5785728287461415,-1.552806527545811,-0.7673047313498911,0.8138122083159995,-2.3999861100658655,0.19466904543720553,0.48894138781369184,0.9093624116777748,-1.1904268850144422,0.7236818480334084,2.0,0.0,2632.3855909459935,1.0,0.0,2150.0975708240658,1562.4954068100224,0.0,1562.4954068100224,1562.4954068100224,2470.747070332274,0.0,2470.747070332274,0.0,2470.747070332274
Frame_264,-4.6398443181125515,6.620693113899968,2.727186304090051,-2.09119298372692,-3.7411196430430502,-4.1172781220831585,-4.620674150794257,2.105888173890902,0.0017161360613406895,-0.988889825280876,3.9850767383464216,-4.337025268956837,0.9474099116886157,-0.6875295233977288,0.048604598832924756,1.2347946537118064,0.6170688272473078,0.9079015244209886,3.329882453106837,-1.458846279158926,-1.627761264576247,1.008607652606231,1.4684517535370547,-0.4499631904824619,0.5407950069275969,0.005779333686457611,-0.5625894578979181,0.45839456127842887,0.9252863007362282,-0.685777775826564,-0.7019053626862912,-0.31546076513418886,-0.8882523907885236,-0.07438837974810997,2.212578395129263,-1.7492554300550567,-0.5365987350899064,1.7133844291713043,0.03679778584059401,1.5386287990197838,-1.420177641546858,-0.39692696469266076,-0.5204566185710154,-0.6390703938821828,0.36915498341450886,-0.9689702944333378,0.3212693273700824,-1.1596754029928438,-0.048253878633606306,0.028619435218103475,2.0,0.0,2334.7154603948775,0.5,0.0,2150.0975708240658,1500.9015938348389,0.0,1500.9015938348389,1500.9015938348389,2380.1359776684862,0.0,2380.1359776684862,0.0,2380.1359776684862
Frame_265,-4.875214834025448,2.0253056417396706,-1.9261131570253105,-2.6469236289082163,-9.754109758266685,8.426516452965561,-0.3234920471195285,0.8986130946135897,-2.5698064002139356,-1.0164112975795971,-1.5150588616878693,3.685488327442096,-0.00600422863092831,0.1954522779935065,0.7329194758609079,0.4298761911833944,-2.5884080961970994,4.00158244225237,1.4328755871508116,1.0087968016109605,-0.19487818577897875,-0.6841921802208051,-3.0983364905843307,-1.5947029403936135,0.20219454294126238,-0.7854866454354905,0.17703354572070285,-0.15108076875290682,-2.8217337035720647,-0.7655059069490857,-1.5929336718016254,3.351770617842929,2.295648319093059,-1.3605626020652304,1.6333934636010348,-2.556875112092821,1.0563044214003288,-0.31106490806528364,-0.19123189914052205,0.7481091613054789,0.46659809450213263,1.0214095220548722,0.2995310816593736,-0.34015273455062756,1.7571616158375418,0.38603364382415883,0.1471467874366822,0.21059860517089943,0.6081645678133905,-2.9757563510922163,2.0,0.0,2219.1544541854764,0.5,0.0,2066.420303484673,1821.225890701989,0.0,1821.225890701989,1821.225890701989,2363.959161251538,0.0,2363.959161251538,0.0,2363.959161251538
Frame_266,-7.5505535131279435,2.0307871873881966,0.6291353040471889,-2.6333684167729174,0.8966418965389065,-6.584858705539082,0.6272139215465873,-3.9905653671980437,-2.5073397202134298,1.307926986448197,-2.713387297262912,1.3318458019443258,1.5996782622180454,-5.732782677947176,0.4975729404225697,0.4850490595999748,0.9603839109623137,0.44474707532310975,2.4068226071629253,1.460730043664729,-1.365285152207306,2.0262642266600306,-0.8698837008547364,-3.1467689991785486,0.7535626728162046,0.5824859241639415,-0.5948179496052983,-3.251978377462634,0.3057278091662472,2.4742050778267206,-1.1533876627729662,-3.3371843881883114,0.45783135092220917,-2.010614039676876,1.5705910126163178,-1.2324079794901937,-0.45274803392252005,0.3576436720782951,2.1229399467826267,-0.24285835092857874,-0.36514990644172074,-0.15942133678410328,-1.5859122831192753,1.2490736632138577,-0.738764268194817,-1.0072186470960465,0.09309302501520117,1.553271516662495,-0.35541049421134,0.11415414198765889,2.0,0.0,2360.3710150091356,0.5,0.0,2141.5161021586478,1486.3680583576102,0.0,1486.3680583576102,1486.3680583576102,2333.260059906681,0.0,2333.260059906681,0.0,2333.260059906681
Frame_267,-5.670294123493415,-1.3864454572360119,-5.221845162094221,-4.006447286484422,-4.226737088359553,-1.1413800067002662,4.753338706731835,-3.243352083449481,-1.2500810576948895,-3.3555585836484942,0.6792174331910086,-0.9637136296351714,6.413767625157165,3.469798337778257,-1.3421185103581283,-5.066022222614116,1.1153619876220238,-0.0849479485710043,1.3862539009696666,-2.0639830199757556,-0.3215301432634905,-0.19910454679026657,-1.168932328230148,1.3269234963700582,-0.007626109651607482,-3.264162147100867,-0.3838284578948639,1.7575591647568776,3.173971459276913,0.2089360391668169,-0.44457262187076074,-0.3898764388818613,-2.5235874898362756,-0.40548989171318667,-2.631062358173924,-4.188552575923726,0.2864590646193468,-0.4201454683747625,-0.7005364912179515,1.593181371188836,-0.38034069592324266,2.673280754183935,0.7604440051011825,-1.7256566445353088,-1.8345531502507388,-0.07632014860267587,-0.6612931460232733,0.9169963950800079,-0.7733717197718893,1.7258439348344308,2.0,0.0,2383.6527656010358,0.5,0.0,2135.483078177938,1451.0601520720693,0.0,1451.0601520720693,1451.0601520720693,2527.5047340569386,0.0,2527.5047340569386,0.0,2527.5047340569386
Frame_268,-4.830233224686545,0.7834634721733176,-4.094462209809359,-0.5741146288675729,-3.915786674437798,-1.7027409434601604,4.6143822956980936,-6.698494618030537,-5.6379755670905585,1.1075004013897045,1.5950827203500695,4.2731030615349495,4.909702119066625,4.327240128817502,-0.6224183644024439,-2.552325363575464,0.34624710276661297,2.0490801367100215,0.20017105073629882,1.173301230179913,-0.3251929514640959,-1.0561629264933172,0.7459735993225287,-0.7862623092777018,3.6100397136630447,-5.020683446300814,-0.7246408035751911,0.8324518157168226,1.7882810535319789,-1.4818583208423064,0.4923170628157766,-1.3677202724272621,-1.5699989043719422,-2.0883402389103423,0.5266970522236551,-1.797063585799039,-1.7177881232492669,-0.5704518154371964,-1.1855697045920768,2.7341635733504597,-0.7341437737395309,1.3675574080999937,0.4501939595001202,-0.5064356701261645,-0.9111054739163329,-0.37547543366124403,-0.8830558632162729,-0.10445319368583283,-0.49672390849787235,0.49231005132734335,2.0,0.0,2432.5971457819487,0.5,0.0,2195.225882579028,1359.5617083116404,0.0,1359.5617083116404,1359.5617083116404,2220.812259252031,0.0,2220.812259252031,0.0,2220.812259252031
Frame_269,-8.558663994269923,4.09504164339528,3.304097085514221,-8.560836973596015,-6.794528968564565,3.9135402930036736,0.5208584092719785,-1.0505701995068353,-0.5082247694358863,-0.0632736117254819,2.7736804394776646,-2.5815259075208203,1.0042579110841061,-0.8916036837664676,0.7695685868008807,3.323830854391775,0.42038763997298506,-0.9860574489224379,1.0329355672139837,-2.044164710913484,0.44954297914507857,0.5965578990357894,-1.4383933628660726,1.8058609979672546,2.959706019955796,2.479112541202999,-2.775550755702635,1.1843590332370753,0.8605380543381413,-0.6207688449990025,1.69679683690416,3.391451298504002,1.1389398662835215,-1.5063975599959507,0.55127971670779,-1.659733012113411,1.3618973779730563,1.6995902362745308,1.478492736085059,0.7012266077965962,-0.0017708603458315986,0.050419486478198716,-0.6826299817290573,-0.6215639894013071,-0.513372569421514,0.7281863537912049,-1.0803316828325016,0.11689614384423187,-0.6857890482301137,-0.5483503308317553,2.0,0.0,2287.518573373553,0.5,0.0,2105.8984162845018,1622.1910152171358,0.0,1622.1910152171358,1622.1910152171358,1918.9826582794462,0.0,1918.9826582794462,0.0,1918.9826582794462
Frame_270,-5.132136730186253,9.118032937848271,3.572167140979201,-1.1959585383628744,-4.4802862924986115,-1.5570441128380637,-1.7582008421261153,-0.5082219108703114,1.9518916518655747,-4.213078855082512,5.359790729415765,2.298289239380651,0.17159351746022622,-1.4206575679749376,0.0090946477548417,-4.9925520103898915,-0.5680988176364717,1.9388365647497754,1.4225490845208184,2.1955805338230046,-0.9563000624046857,0.37107963027046376,0.10153109995192389,-0.12216508796267683,1.206163895655223,1.0312410077594225,1.6984504217761598,-1.3452918914745744,2.178911397785379,-1.254090053333988,1.2150671585841104,0.9931449393599464,0.3635609371678801,1.1263763723426286,0.7832962658084095,-0.16295025753024084,1.6230826351713228,0.7794714562647396,1.478625051569234,-0.19798430140037232,-2.257997509233957,1.7208138329334535,-0.2984628180078621,-1.2703447330598217,-0.9548000343057645,-1.4110747131783967,-0.005514964175752757,-1.1378965363106246,-0.725053098577076,-0.7240520490303138,2.0,0.0,2273.798685957654,0.5,0.0,2082.7041539215465,1728.8299920535019,0.0,1728.8299920535019,1728.8299920535019,2390.538347437713,0.0,2390.538347437713,0.0,2390.538347437713
Frame_271,-5.689615043752706,9.894436844116218,6.344666742929221,2.6492494241322446,-2.1946243575161266,-3.7421357859627205,-2.50274180722692,0.19807375384403464,0.8831590212839282,-3.3449054985473876,3.484806889460807,-1.1209231982624666,2.415718253748267,-1.2995534722756976,-1.4232476500775073,-2.0579014283346933,1.137541215050161,1.1033747510484266,1.2502465007129593,1.4971576416396177,-0.3161658783431866,0.8417924345795682,-0.832397382119132,0.33202554934145034,1.8679203063153835,1.3845391848659079,1.1205655028237258,-1.4624649984845957,1.8522424094105572,-0.660722531558393,0.8774517905873394,1.6459648538717657,0.5036993389577153,0.4254223144147659,0.08230689304490241,-1.2120987832054895,2.243210644217583,1.1314980809186184,1.4501810788612837,0.6727079771824527,-1.1382431102426578,1.1115261349377539,-0.27263279365008297,-2.248636223634633,-1.0193323995731731,-1.1060775889194865,-0.09271701523375087,-0.8934405999690038,-0.6451802385973111,-0.38252461374182145,2.0,0.0,2272.9304499622913,0.5,0.0,2082.7041539215465,1672.7436103873374,0.0,1672.7436103873374,1672.7436103873374,2513.919408419909,0.0,2513.919408419909,0.0,2513.919408419909
Frame_272,4.174408649197049,-9.719308822504466,3.566756654884487,4.968662118904955,-1.9614289237645952,4.088619937536748,1.7410134835578193,0.9751782276920002,0.8215261410894272,-1.4280945203206672,4.014581347147072,-0.04479519787970487,-1.133417915651497,0.27994943939494477,-1.4746678406954916,2.1504676819128443,2.129732726535955,4.57068765469078,1.9035881690910679,0.9594991442815466,-0.9210812835768917,1.5236957810064655,2.5932490745441323,0.2694291041360535,-0.9662956683178195,0.7055766825055114,0.06359589578826823,-0.13100301950498716,-0.12414403421658074,-0.08875542806952041,2.0006873670607126,-1.0032084547685587,0.560834616308317,1.7159620112355236,-0.7351957219698247,2.382029123168648,-0.25635286449366046,-0.6826136937504964,-0.15756480748541385,-0.883103506465601,0.3816710055107399,0.16422011543007903,-0.5219033081934007,-0.14146774590978484,-0.8841048011269625,0.14084014484797222,-0.026326792771649482,0.10767310081793369,-0.13904007970934185,0.5238555607265698,2.0,0.0,1912.1608895963254,0.0,0.0,1350.9883397967837,1566.7095996371286,0.0,1566.7095996371286,1566.7095996371286,2466.548736203794,0.0,2466.548736203794,0.0,2466.548736203794
Frame_273,-11.472907313611886,-6.420415616511897,6.873065193193956,-2.652413145599928,-2.0220391835656937,5.146393093889484,0.36304553217608193,-4.466364982019125,1.870300546182015,1.5566299582928267,4.118122009183039,-1.6912467813975738,-1.6587535531957252,1.2484633086436139,-1.1175740708122393,2.6299135543067593,-0.9740710509878113,0.11580003807064154,0.20714131745525016,1.2954121564908514,-0.6461594559349029,-0.7212420978319527,-0.22773403823382188,0.012762912240384616,-1.3551096724018064,-0.7660892126692456,1.214665441261113,-1.2585223703147683,-0.040230176232695675,-1.3312439698295762,-1.8304580057440516,-0.2633270249748657,0.6177672986744827,0.37849023632864554,-2.219236113388833,-1.6458782750250154,-0.38816847997934656,-0.4668962333172424,-1.4193502548046686,-0.8243123549462099,-1.0897649520838382,0.8824301592898571,0.6835773766376523,-0.856134954481161,1.5209941518781132,-0.5034089248511046,-0.39345131704973624,-0.16469213675524108,0.42658043419315195,0.09966136546684655,2.0,0.0,2543.4935911273,1.0,0.0,2326.127150982215,744.6190280224127,0.0,744.6190280224127,744.6190280224127,1864.772383457852,0.0,1864.772383457852,0.0,1864.772383457852
Frame_274,6.298521708014892,-3.4012629883434506,4.6372292583005015,2.6518819645914533,2.6836095453528395,3.8062099576721216,5.366934114298506,2.416929214841607,-1.3243737595831047,-3.6171569502727237,0.36422725720173316,-2.03859817140868,3.4002845432667375,-0.3493251099126349,-1.5940094644775655,4.012136825792639,-3.031816346129648,0.19695273394163326,1.275273384701533,0.9184630285463881,-0.7012142944242329,-0.7375779460793005,-0.6694699385146549,-1.2707017047422389,-1.4112599691093575,-1.0202608921911833,0.5664669283279568,0.23535248003200934,-0.9277226010065546,1.0994798561372117,3.2722540152184627,-2.043287751256317,0.8831565926443711,-0.09710857942742142,0.9268829022322569,0.5554106497819558,-0.5141514551638335,1.051973779908918,-0.8279441665955564,1.484917252039622,0.08136499284930576,-0.8535631519329344,0.37522136508553555,0.08458035135582402,-2.0274953840263463,-1.7799741090093182,0.6400294391562786,0.41390779626291735,0.12645447208233204,-0.3341465094566824,3.0,0.0,1959.4972759468337,0.6666666666666666,0.0,1583.474311891258,936.4776632577954,55.16716762027512,862.7656650404917,995.4702963466726,2451.1280908967924,168.0144808126564,2575.8571476163906,124.72905671959825,2213.619920198771
Frame_275,-0.4634697415546385,-7.760549820854084,2.062324546800482,-0.5080837558911501,3.1890359921059415,6.20979001819207,3.7637731667576753,6.5196288985336945,0.7820277403359122,-2.350021517567444,1.7215972674451663,-1.2478393016877143,-1.4771302679058707,-0.6699352648260453,-0.2798704870106701,-0.5652617267559548,-0.4181786242151899,1.6843103997539597,-2.5664378073211114,0.07249141157496197,-0.02708558525619731,-1.8604953632612764,-2.9272404071833344,-0.7312915851077667,-1.755080862325851,-2.1008086720677706,0.34965752206779305,-1.8908634500447827,-0.9289555883340181,0.16484588634397804,-0.5419068467080048,-1.4863641650673634,1.5725294054490133,1.1673435790344098,-0.45665856242292946,-0.2989855609483006,-0.6772573204167761,0.741651173031292,0.5298687663679973,0.6168074796885501,-0.5791208704814288,-0.23204937588320615,0.8265933306294303,-0.4355802476825715,-0.06193962374164752,0.234279658150702,-0.013829238078904627,-0.2432508326019014,0.5260195499450404,-0.8610980580109355,4.0,0.0,1934.1103146570822,0.75,0.0,1521.920066850677,977.4314149670892,202.00298344434168,624.669398151411,1298.2421299703433,2468.423348607701,301.0777043634136,2666.349158509124,197.92580990142324,1852.5860226156801
Frame_276,1.0743954497735473,-2.6105210500682023,2.5191544812191875,4.155245274040169,-1.2894688038233226,0.8705436559416673,-0.427512291681402,3.8288492438852697,-1.245269159287237,0.2471641057353026,3.423459784608216,-3.093869843881994,0.9794949107666288,1.3775208314227099,0.3320537726361764,3.9916356557141524,0.02279889308639878,1.0475924269617423,0.3453341646091122,0.4873591779215613,-0.773429348950931,0.17002630361747828,-0.6832966098705991,1.6764197389515314,-0.14252574808482876,0.11942822060217413,-0.3138936970736108,0.14706369909272551,-0.19388714377458185,-1.5855551649196926,-0.18752294280072176,0.1709937540442585,0.5895538219185766,2.6778901313284145,-0.036473045820576026,1.069219923336529,-1.3498006218347884,-0.3331698903444218,-0.7428698933307659,0.12716591354013118,0.31490074416913433,0.07322629598265405,-0.7446318787140154,0.6298350864894874,-1.048505116604716,0.13789821445885184,0.7476586088218949,-0.12535006847008084,0.9411502286170835,-0.8007850409050258,3.0,0.0,2037.5632224315523,0.6666666666666666,0.0,1323.02449498324,1087.3250189237317,301.54630022195795,660.8867087090089,1303.3783321487238,2348.6838240347647,143.4375646555071,2480.801901323146,132.1180772883813,2149.3201993041603
Frame_277,6.718554928042245,2.740264460254553,-0.04068172478523113,-1.1022596524004544,0.13605065863998167,1.7472478885411529,2.682537411475922,-1.2331756871554584,2.4051638767013364,-2.26642790062533,-3.9231575903181595,1.4977744404118352,2.9411443827898367,-0.370458863935784,1.0834241281274326,3.9099772754572557,-1.1172435626486181,2.423204931402088,-1.98464047377401,2.818390333862192,-4.620705578411824,-0.8012919097832001,2.702434084517529,-3.344141168641121,1.0097656178832886,-1.170594188616796,-0.7610277430618231,-1.5198876230098268,0.24243370880427517,-1.9523700515756792,1.2185913154602765,0.7152341682284217,0.34232402423792097,0.5080609654446423,1.9780397623784916,0.5164873884770612,-1.0589466130852632,0.6422892117434811,-0.6897178081287572,-0.019226413303148338,0.27745415102675036,-1.168816217551345,0.06789194575021165,1.0745657014964445,-0.8771183878986633,0.4617364761946047,-0.43276348218812155,-0.6578516385009745,0.7454554521119612,-0.832409236202327,2.0,0.0,2506.7307269520134,1.0,0.0,1954.441050958556,1516.200390582876,0.0,1516.200390582876,1516.200390582876,2422.9543507583703,0.0,2422.9543507583703,0.0,2422.9543507583703
Frame_278,-6.440853066781132,-5.511051673912305,4.643612969161993,0.41234578005555234,4.83607168596834,-5.103807328449258,2.555700499745546,1.1881059012969253,-5.564588242180699,0.42747381314076704,1.5307721455875734,-5.248418744103084,1.3048650569933928,-0.77946531573634,-1.0104339785843863,1.7797576339455357,-0.5710989727771549,-2.196775958634,2.183726723734647,2.5150890748471437,0.17804329025488919,-0.49040148100918113,1.676175782596267,1.0940102197404487,0.009370689320590764,0.2608260596405044,0.638204010282657,2.701077090358717,-3.179167353005201,-2.0446006183022853,-1.993359517731378,-1.4580989524360228,-1.0683274040927246,-1.0942498045703593,0.4310218699982472,0.42822093679491235,-0.08586799751536867,0.5023344730748972,0.7718808286967712,-1.398537593484983,2.3788233821462637,0.05807860438772183,-0.23562357449718346,1.4919940863735748,0.2474152359702131,-0.371339352432929,0.5921707946321908,-0.4519975999565282,-0.31479888361476444,0.8823355659457592,2.0,0.0,2083.0756789671427,0.5,0.0,1456.791236995192,1443.4300471354022,0.0,1443.4300471354022,1443.4300471354022,2294.602621599638,0.0,2294.602621599638,0.0,2294.602621599638
Frame_279,1.7081752442488725,0.12990513607597776,4.332190425637825,0.7158894411270394,1.1750143912743791,3.0174883864885214,3.59468484755837,1.9379510065818206,0.3732236157688036,-1.5171145049518986,2.2470900988997977,-1.8218834625847058,2.551360243889449,0.017818083800839712,1.8136652833417795,2.365205762646936,-3.991016457424851,1.7627537381711114,-0.139157399563954,0.2286209444452969,1.9058990775318714,-2.6215457915341345,-1.4702488566479177,2.307109491828702,-0.2671412158974256,1.257442268775258,-0.029313166355834752,-0.08847146721140231,-0.32237629551858915,0.5586144689139898,0.7803839467170711,1.664794690044909,-0.4332419747560986,4.193857733686129,-0.5613386254812505,-1.245975355795021,-1.3648351451813947,1.1426370922198217,1.5866633198710138,0.4042827464441942,-0.47216196192744003,-0.09170067671961935,-0.2297133336206082,-1.666601888749296,-0.1690491645782618,-0.6287107011631071,-0.2142952583326102,1.9309585698559324,1.0852502605251821,1.8185135158061887,2.0,0.0,1899.8012483750313,1.0,0.0,1499.8699696092083,977.7531848593945,0.0,977.7531848593945,977.7531848593945,2634.249922972309,0.0,2634.249922972309,0.0,2634.249922972309
Frame_280,5.416728370529565,-2.4476319432090463,3.587693304201752,3.9717519441729467,1.1056159695553178,-1.4511349392280095,1.921647583078654,2.216656856846629,-0.9160481810936799,-0.9709653809308681,-1.896190257671935,-2.0611638235654195,-0.3908600310966727,1.877675206111264,-0.6018369133669103,2.9735953256194048,1.9478340500759257,-3.2335905017400006,-0.38399390501138714,0.8484081993026001,-2.4204338599115873,-1.142908659643999,0.8291562969152144,-3.063640749353926,-0.6542629057021,-2.234543115163199,0.15893473928955548,1.7259805314022072,0.7034805150481217,0.029175044047855463,-1.9657327097659127,0.9275613971939428,-1.9207416489547624,1.151935758093243,-0.26067284780309896,-1.7730294438495307,0.12882180300669407,0.011532112125167174,-0.6643078280399322,-0.9462245929714282,-0.6033675787744367,-1.162678044244439,0.7245525809247152,1.5339159756294094,-1.0264055784816215,-0.32909985902914146,-0.516127891453353,1.5162758390378626,0.9306491352603169,-0.432981481825429,3.0,0.0,2170.476616644711,0.3333333333333333,0.0,1856.1884121632859,1024.9059303129836,194.5796217436506,751.2663611933632,1186.8828899104346,2476.723558613026,201.49206964779285,2619.8958786792027,143.17232006617678,2191.7718758927476
Frame_281,4.125127909754522,4.388706508134621,-3.0188875392097034,3.8322741766517474,1.8705352056605904,-0.6248507504003816,-0.2353525988910267,1.3275466779730383,-2.758332892002566,1.967860026963346,-2.060360372904165,-2.830763489840718,-0.31456874683081065,1.0453136536716061,-0.979493416934471,4.251858019733558,-0.6136481088948876,1.8017958879647622,0.3650128278674987,1.0457634788422208,0.07506531859170422,-0.7769214793267203,-0.08536541192589635,-0.26606882836232487,-0.9966601311302522,-0.08259666081346347,-0.07785452272933907,2.085201330474611,0.9602282635827478,2.0474871862993997,1.2241601652071317,0.1828559701763075,-2.0919014205629862,-0.6295239685834784,-0.7383783953874697,0.39099097796089044,2.436975804097513,-0.09665352147256755,-0.1329531354710273,0.8303158216007644,0.37019061055527563,0.4678889390127761,1.3591642090634632,1.425800706164934,-0.6282660499593068,1.0567460583888513,1.1251446168723067,-0.6262888336665217,1.3060649486413682,1.153654450990324,3.0,0.0,2132.1233404553673,0.3333333333333333,0.0,1760.2618210271635,905.1251771987921,135.491712259128,745.339996689974,1076.6066761904976,2518.5026062326665,71.77846185994595,2611.8307351744133,93.32812894174685,2437.2608518209645
Frame_282,3.6034844205998833,-4.558732666371085,5.126397721277308,-3.094024831226125,1.5319885325586764,-2.344280655499786,4.287262335824037,3.57596484133166,-1.9682070447416793,-2.508316961276807,-2.4807693948616207,0.503213479373099,-1.3220206550264573,2.4507461225742215,-1.4022883601242133,3.470154870967749,0.8400244848458809,-0.8653363962887396,-0.5662439953610665,-0.3987415529767948,-2.031014934340751,-1.4878667803641523,-0.08399438385448228,-1.3901164506108878,-0.742316507849678,-0.17333841355109844,1.1235090949336397,0.82582984848514,0.05560166401131261,0.07419889517731071,-0.9105224826911749,-1.0952796764919646,0.3844228916021553,-0.5987551106181072,-0.2501781679068916,0.2753198026084727,0.8963059315693443,-0.08734647308214176,1.2234385026277999,-1.5077223395353272,0.19476434108997762,0.45397762639241107,0.9436544779483552,-0.18773803433647604,-0.3565165568504393,1.163158430483784,0.2743142650668358,0.7850791789588859,-0.7623780347748959,-0.1738892246363317,3.0,0.0,2065.124306876611,0.3333333333333333,0.0,1816.8353008886725,841.7157649635305,187.36550694556846,603.6414232718039,1061.4962018895296,2487.475905739445,202.67482699059934,2654.531916631919,167.0560108924742,2202.243053643396
Frame_283,-0.668410816270381,-8.868097328201795,-7.953549624884594,-1.7680771525224759,6.876797933132439,-7.375029993310224,-1.5861820862633178,1.61289496515244,-1.3328177269674446,-0.17655620906002945,3.4218377096326824,2.1232983892376525,-7.325930824195953,-0.8457126636096548,0.6013708570763845,2.522897203059596,0.3414839943746448,0.8722010120996824,-1.1128480520324515,1.057297978097911,0.47674730449464053,0.6958760228296351,-1.6094367012417243,0.03448100880937574,0.14615823423600582,0.04961852995652094,-1.6786965054428067,-0.235920729729454,0.8389232015097198,-0.9011725288036222,-0.044597438724894634,-0.3661718684364075,-1.5850785592025973,-1.489735163262611,0.3439579092554568,-1.8165401456543488,0.4861325558840407,-1.3853995748704597,-1.9384254508779533,-0.5248631232700867,-0.642556456986398,-0.10773469264063351,0.0022571998969130314,0.4420935167534946,-0.28071320874298095,1.6589528402459002,-1.1694801273263957,-0.2587276736999409,-1.2155176401563916,1.339781377999286,2.0,0.0,2035.975008744334,0.5,0.0,1641.7948455964217,1180.362054612082,0.0,1180.362054612082,1180.362054612082,2406.601745333933,0.0,2406.601745333933,0.0,2406.601745333933
Frame_284,1.6858417791047517,-2.2438673079704023,-6.448331795162142,6.409305531082653,6.416908609049877,-6.643253357426627,4.062199037210051,2.252071005712526,-4.235072720811565,-2.871152531016858,5.203840510824758,-0.04543522921088755,-5.8967900365771815,2.1601111649932974,0.4015994114101976,2.229385676213817,1.9310308833089003,2.6495990874123,-0.22019712349712628,-0.6770265730619547,-3.2920486481247817,0.12388894818783558,-1.9015693987936797,-2.013706644365101,0.7630232361726639,0.3018007843351296,-1.8160688670293947,0.857161616481595,-0.4295887374390326,-2.430600487821234,0.8491076562202786,-0.21588171819922958,-0.10651695927396282,0.11287162202441092,1.1646709548799112,0.19896120002081008,0.8155887939312655,-1.6994017595865565,-2.248233311972211,2.2719123916631085,-1.1119052305732804,2.736296864259957,0.7658865905393163,0.3509652976127261,1.2622151142392672,1.18241382618731,-1.4269945427125994,-0.5321130690935155,-2.038861971908097,0.32232384814301374,2.0,0.0,2059.2441895719194,0.5,0.0,1701.8697479589364,1211.4953120654272,0.0,1211.4953120654272,1211.4953120654272,2536.292904580465,0.0,2536.292904580465,0.0,2536.292904580465
Frame_285,12.030331703653015,-2.3628393858665078,-7.670155318333154,7.450881309273759,6.178363986237674,3.93209228847544,3.2454850289023387,2.2956306467238212,-5.007570077449571,2.081125241368345,0.19425706035605184,-1.7745541237204094,1.0411856278683327,0.2837462435942366,-1.3324224941142835,0.34747786145317416,1.406952487083086,1.5378904573098455,-2.000929040706687,-3.4173400359922885,-4.09097179337903,-3.4757507310582465,-1.9739257576572657,-0.33171719268968447,0.5868908384791269,1.5694200978962383,0.9301265429218604,0.134566661274239,-0.5790363707953281,-1.4368848892669563,-0.6949452100967339,0.6658601131223022,-1.1585030359436612,-0.9423336142687231,-0.8641669697651212,0.5933808629984807,1.1385991223212324,1.1212324968110554,-0.8507328342989027,0.3745922864040615,-1.4411666811530148,1.2785004603211494,-0.45349776233520867,1.1186915934039616,0.8182364875780187,1.4789616301546653,-1.1888394022046336,0.3058476621573549,-2.2382354496477053,-2.1657193883316967,2.0,0.0,2093.890315653085,0.5,0.0,1757.3397449344689,1202.5166714493403,0.0,1202.5166714493403,1202.5166714493403,2448.3282051050264,0.0,2448.3282051050264,0.0,2448.3282051050264
Frame_286,-7.846796520781042,0.5689754030057816,-11.320040478551809,-1.3907010309202155,5.861191905223493,-0.09330919081368227,1.5647306513859656,2.2862181615784563,1.5199706896286997,-1.5263508795226894,-0.3234190629926668,-2.191319280980991,-3.871871323186445,3.9177107450193454,5.024398261655261,1.5096981760775483,1.451275763039919,1.620813521365106,-1.0653906251206984,0.6975916469938063,-0.21530280214557826,-0.4177309089556533,-3.4695359358853612,1.0674679895872512,-1.8705946235667525,-0.3890883815063247,0.03253059320033036,-0.5321968454708953,0.06944472977969231,0.523528728368047,0.8562867041138472,-0.36879557598164553,0.46029769666817016,-1.0700560850827516,-0.06652309124101301,-1.2387999326373558,0.9975727267587885,0.7718845872320163,-0.43359396880382556,0.5094072004380571,0.05601469373749194,-0.6398604771855836,-0.45194272474607766,0.6738759722689495,-0.5255938635365545,0.07135372971382137,0.05301478796170948,-0.1570789379540523,-0.10031859200108846,0.9505060711776688,3.0,0.0,2571.0977420447757,1.0,0.0,2407.593587861972,749.0002228299905,217.8231100653066,588.1699345556286,1056.9468476417658,2105.9926756173313,200.05442484111563,2387.6731863993546,281.68051078202325,1942.2455057254929
Frame_287,-1.3272432808715096,-6.155691908030062,0.7165275079874398,-0.751476782967436,3.446816516099608,1.5136862986601947,-3.439619043274135,2.28740379514471,2.333666382999411,0.6484661131384665,1.6933819378165622,-0.11574344948704951,-2.794019960649222,-1.8034213227230809,-1.6904641074207198,-0.4383170669749646,-0.9836588189375022,-0.1825526415496517,-1.1793296362434376,0.7522325039220068,1.3323065183287313,-1.2024931856701808,-1.414293597266147,1.2166423732435518,1.9658466206480043,-0.33557697321731583,-1.216572903054456,-0.7382018375446749,0.5986283328398894,-0.7719631703135761,-0.3540532211029214,0.5857476677231706,-0.4728083147185072,-0.7292621096167539,1.7803834636455176,-1.548473323209776,-0.2856631353071504,-0.41753868493224894,0.17777064751868993,-0.01753639380858831,-0.29031731214591894,0.8748153635189968,0.3372569947918439,0.5459214664415021,-1.527164816107637,-0.7485688291206631,1.0466548756553649,-0.9666845048012064,0.32544861279903187,-0.6318483442602938,5.0,0.0,2114.9675650077993,0.8,0.0,1391.4814504023248,1210.213919563657,424.0433939015298,549.0024374721693,1917.4711619532916,2359.5809142896514,268.9064897157831,2651.814261135098,292.2333468454467,1660.645397206776
Frame_288,-2.3528418250502723,-6.967079642483636,-3.987594092375519,-3.829303934467233,10.578789804565755,-2.563121399455135,2.7367115839490275,4.688138148903294,-7.291037815327161,1.9869844161466048,-3.190979468955178,-2.0563912923349315,1.7021489762406823,4.29588058496579,-3.632404174236023,0.8402081624847569,-0.04466294784822089,-0.7571625166867906,-0.08696080556507654,1.4340500024697775,1.0467728412133581,-3.3836687976967506,-2.0140343731119277,1.665870428947147,-1.2558926401805586,3.4402955781179454,-0.8769927449589284,0.6977918705210953,-1.5208909019157382,0.517259860807925,0.05883752532305264,-0.8002787344094158,1.0064710816205147,-2.143713881490468,1.6352244090761554,1.8725698192426263,-0.5969474541004562,-1.9157660613711478,1.7025786196912356,-0.7881247281663126,0.702623874946608,2.1979826009006116,0.506556832731765,-0.5679690426383447,0.04983959261161497,-0.5849652884424095,1.4325977941763188,0.5462320849282176,0.09588341561962024,-0.116524702506186,4.0,0.0,2104.1495711051143,0.5,0.0,1229.88491530232,1301.0426075576363,633.3449802355419,505.1512759191155,2092.7856099258515,2203.981316945218,255.7293241710273,2523.9826867424163,320.0013697971981,1806.3015400424426
Frame_289,-0.4346082524588898,-2.5348061276964122,-1.6543323010078708,-2.784353911782564,2.6227914277129067,2.730925794573812,2.3245246751608564,-1.4500160200224181,4.586406879727013,-3.444227891385316,-1.4987567021069512,-4.775233071877958,1.1467727883010899,2.6676312447222497,1.6976346865607326,-0.08635473546810664,2.273757133431333,-0.31359742426375636,1.8191174266955923,-0.05448062774383242,-1.1509264822206873,-0.592755218342138,-0.25544100091212896,-0.9207029478379047,-0.02233014845955633,1.6769455828263695,-0.08731805809785538,-1.1878029694966181,-1.2813874486554024,1.9450673449388631,0.5402828964464824,1.095596882181688,0.5065271606537479,-0.36167119803793585,-0.6123429739699933,0.6880241578652753,0.11579512718728628,-0.864379222361047,-0.06660666526655783,-0.37551344189129326,0.5857110854271083,0.9854821513098855,0.9186034307390797,-0.11696059381852539,-0.5040731518746645,-0.5274889140521802,0.3179665167361718,-1.0659462746324764,-0.04255135659346974,1.0014610762895315,5.0,0.0,2363.3466226339187,0.8,0.0,1866.2271180273756,1038.9268816530534,399.79395091474555,555.9831224894426,1685.8534717391274,2487.393490033718,99.70536214678322,2617.7955497647786,130.4020597310605,2232.3234567191284
Frame_290,4.2828551919897695,-2.6515992898929706,-0.02841877118363456,-2.10661206389984,-1.445738477527054,1.581206244918555,1.5972942783508135,-0.5000359477986647,-2.259606585498273,0.4763505772699803,3.134992229409977,-2.0881449540474977,0.7672093918152241,4.123589032349901,-0.845983300691363,3.758293218699431,-1.9010540312283883,0.09949363468139627,0.15782230121183072,2.107793195708954,-0.498006900438278,0.6863779151305271,2.544960083008138,-0.13215570146736133,-1.5608447530193414,-1.746346439999733,0.2692258365324015,0.26169287313093725,-1.4602472805287396,0.6305690628556564,0.8101607415446292,1.6152162356786557,-0.19352394455730054,-1.6728068039068222,0.4802352487840258,-0.2681357137442646,0.7794356169467173,-0.621497743258339,-1.6204548647164845,-0.6313426803250646,0.9321169586394475,0.397049971532911,-0.7877762458034699,0.3893705473662453,-0.34254312019562155,-0.356980243245117,-0.5516105405613483,0.15532124101961287,-0.0696759397783071,-0.13613352765458703,4.0,0.0,2426.9663892438725,0.75,0.0,1955.3697098920818,1138.0148597433033,437.12426893461736,624.7252896833777,1878.25522794693,2338.069696964897,246.3282112107175,2588.212507807434,250.14281084253707,1858.3921295273108
Frame_291,4.571714581537572,2.449278351527427,-6.742652110489289,-6.249188083370845,0.7453435616402788,2.1907863007241013,-2.8501685802802714,4.5937553474202995,-2.5514984447268274,0.6407910934128851,-2.5120124684772103,0.23064906099579863,-2.6891880300018007,3.6505196489001452,-4.865561232307391,-0.6571243303807972,-0.28538145762126965,2.706784541141921,1.4843541310661417,3.653880276727577,-3.109985403115715,0.2374731522275006,2.4875246081462095,0.4036157664456265,0.5030919126299178,0.1995259433246323,-0.19308446827391212,-1.651381834898573,2.8852332689655324,1.0584198314023583,4.534879276632286,1.6484514979990332,0.15133073304050126,-1.6900497112163473,-0.004245384567294064,-3.3420960774149604,0.09488778684493904,0.9658617848306075,0.3181881589291141,-1.001077928096934,0.01499901721359409,0.25132211514240116,-2.4308527423143627,1.6900302719578435,1.4322980310359354,2.7174780992577787,0.5956993738950853,-1.1147663168993396,-0.790321099770979,0.0741542706596387,2.0,0.0,2361.2081874682226,0.5,0.0,1914.6633812858897,1292.7323977818824,0.0,1292.7323977818824,1292.7323977818824,2474.7781196359115,0.0,2474.7781196359115,0.0,2474.7781196359115
Frame_292,-0.44358591903708805,-15.3343577772234,-1.6842934767680533,1.8342974754411514,-5.498358761107344,1.4200838055251765,0.04177901057490018,-0.019706160901724886,-1.501756925778093,1.168523834133224,4.2312190152350615,-2.5712647796243964,3.7523404723940486,-0.15153785534137934,2.582851134595998,-2.3027758683271027,9.844963549686442,-1.2790787729767805,-1.287157526041786,3.5538215770459356,4.540496144837576,-0.3563700057430778,3.9089506510947465,-0.3743900815654542,-0.1535566721974994,-3.0002692466093572,-0.645839200058747,2.377876687716654,1.2762476143441592,-1.4754550987928714,0.9199591127722493,2.973415877738188,1.6583709365968653,2.1157947869681286,-1.5208511914880714,7.192400714786312,1.8655760729475368,-4.696683252863912,0.41706752953008597,0.7980745583905439,-2.151911087811378,-0.07822357938249361,1.4231428544591653,-1.4901503035452617,-4.694628850180328,5.9115011228947765,-2.4941276329132425,-7.2899050674167665,2.387335479866799,0.372245563310475,2.0,0.0,3061.4050275082673,1.0,0.0,3061.4050275082673,321.09572691013386,0.0,321.09572691013386,321.09572691013386,0.0,0.0,0.0,0.0,0.0
Frame_293,-1.4048430100058695,10.784584377886581,0.08753273903595253,-4.798165568143297,1.447463722671072,1.9857847548872563,-1.4221575748191408,-1.2380580488953072,-1.5400412833925372,4.455555179633787,-3.9139853434096423,1.037167805883471,3.249788342154487,0.5252442697291988,0.47252460522850664,3.6910089567526625,-1.846584625040926,0.07574855017440744,-2.203219383671772,0.5152690199178752,-2.8719954806866888,-0.7897131823433766,-0.6030750498473723,-0.42360556081636425,-0.848467862830497,-0.8220778996679149,-0.3181979852577624,0.9775682665292845,0.273298863747347,0.6806450741282731,0.6664779818542111,-0.11429037291223564,1.4219434729712532,1.342773552613112,1.0473492773893525,-0.44175828689928176,-1.11804325009419,0.30104905380335817,-1.051111041452601,-0.24415120040358892,1.002611270681914,-0.30104422053928853,-0.8309062766330751,0.7963044845002306,0.2740761745688968,-0.06560624673685195,-1.2454872401497905,0.1000781318774056,0.7715339429867961,-0.2292772667305911,3.0,0.0,2156.154081748589,0.6666666666666666,0.0,1332.7094041219857,1654.92323960446,263.38028124618677,1454.6939142669055,2027.0395967167303,2091.187228744811,173.66940676736232,2237.359359568807,146.1721308239962,1847.1717176595444
Frame_294,3.072726818200051,11.144999000471042,-3.5860032931536416,-1.651358302444347,-0.07918984862843348,-4.721188172585691,-0.7028207389191502,-2.4967991965892073,2.5624223987743235,0.2811941624036556,-2.6677544140604095,-3.8037993989401024,3.6206057700800933,1.4915874095744335,-1.2781056502734667,0.04526782357184578,-3.0717799963686643,-2.5559016421695815,-3.865518049199587,-2.7314095515957666,2.423329846080812,-2.058715676600027,-0.3032597887564974,-1.172495750879618,1.5164517718388368,-2.2956190912369916,0.5825195182491446,3.9288905734610844,1.6685650157579963,0.8828268980140089,-1.9474050322260263,0.9064099726563211,4.526142716735729,0.7295891683099756,0.8433159564068518,-1.6797393099523656,-0.6593336344049322,4.375244913395106,-1.0987300876077841,-0.3564261165727929,1.2054152248329826,1.0252808076759803,-0.23820689315564497,-1.9713392750994678,-0.4543148123727887,-0.16994041502800256,-0.8423091446328531,-0.642279683617351,-0.08250989966501066,-2.5718940471438887,2.0,0.0,2380.408645732941,1.0,0.0,1330.124860991859,2513.6152802696547,0.0,2513.6152802696547,2513.6152802696547,1781.2597480916859,0.0,1781.2597480916859,0.0,1781.2597480916859
Frame_295,-3.860428129377954,5.650569560444727,1.741706620897777,-3.544583061774002,2.5515305923752174,-1.7366120372580391,-6.8977162469108455,-1.338632041799794,3.467755160475587,1.6151463783094364,-4.381138984258527,1.6548514181681286,-0.38879472935400017,-0.9404332382101782,-1.2794573109671135,0.4471723521558795,-1.3987901554971625,-0.1911800569712794,2.2732160261337913,2.4050837856552794,1.8797389485945981,-0.24930409701228023,-0.39558296624163053,-1.3253300022501804,1.2585198303297402,0.9793857826998221,-2.1486185696384164,-2.0933511577720205,0.5182689580091056,-0.09624929883707267,-0.7531148679268024,-1.3262302558776458,-0.24911268074190052,-0.9455420371402199,-0.5635065699973052,2.477679169739604,1.0324754374241425,1.1208773262115814,-1.0706405675754378,-0.48402481984087065,-1.3676540597691633,1.1593559746068798,-0.8524577002586889,0.5884685864456562,-0.5760515483929409,0.44241364209445616,0.6888738001051806,-0.265296680688881,-0.10443575574946729,0.5191692697394165,2.0,0.0,2245.9263011165103,0.5,0.0,1401.6975279552814,2007.4659112876382,0.0,2007.4659112876382,2007.4659112876382,2254.8245523254773,0.0,2254.8245523254773,0.0,2254.8245523254773
Frame_296,-1.1213874855345765,11.303509523569108,-4.4227886049709575,1.6774815626531545,6.127433725011097,0.16180401302289193,2.15077114752024,-6.4500925398325,3.0112353212522156,3.6784041730281927,1.5462293604396045,-2.566688973743648,-2.8991034869921783,0.8514773981557486,1.1082094498193842,-0.19836016186873318,-4.604714331042951,2.5792191670852556,-0.04213782785138653,0.5457415265891824,3.106416726531482,-0.4694992484723958,3.0799248825137777,-3.212233271189895,-0.8020794977454954,-3.220155413317668,-0.12297501147606504,-1.327181571943766,1.5983681054673973,-1.919100103595043,1.2336706335416971,-0.28983708288352295,1.0554278523072598,-1.4051079446559371,-0.3792455812907032,1.5680843807962168,-0.5894974373775046,-1.3388513963496684,-0.012368389763900867,-1.5736620600877052,1.2046757005277344,-0.4658852952624549,0.2767482008407364,-0.4962575379780985,1.0092494714121352,1.7715003124960294,1.0797115801337782,0.47451876242543306,-0.5957147017959334,0.464858821382665,2.0,0.0,1794.1598992809475,1.0,0.0,1314.3019876255325,1632.7560152735448,0.0,1632.7560152735448,1632.7560152735448,2234.2787123080966,0.0,2234.2787123080966,0.0,2234.2787123080966
Frame_297,0.24844658040916467,10.409775081474233,-6.526427423077006,2.516083376774353,-1.1364285131652438,-2.3307874563468873,1.5433958932458143,-2.462182701890879,-3.185700974641275,0.19241834957921336,2.022163226671851,-0.6892772667751306,-5.04902134854166,-1.1934952962747525,-0.029047514637046135,4.003805210535798,-2.5566008802444813,-1.0389528296793067,1.3145870209644037,0.19844481396327887,3.5068295446081788,-0.4735147616992019,0.8307475354118172,-1.3712388670076834,-0.16925524613290674,-1.2636360821740475,-1.8912321944838575,0.17056517069893123,-0.17899961860512212,-0.9325145155736537,-0.362999426073755,0.558853956442377,-2.273706336228971,0.6191191606406732,0.7407450291833886,0.9822765465921857,-0.6105533431007344,0.8789997349181508,0.923169287578175,1.1194061541522955,-0.553476250693345,-0.8396541656728014,1.268860567930435,0.5125852014899998,0.8048772013566701,0.48833675254483355,0.39280961582336027,-0.7893498286560069,-0.03317376357274321,0.5183181751912316,2.0,0.0,2353.212586304317,0.5,0.0,1400.4986655589528,2233.8220140870553,0.0,2233.8220140870553,2233.8220140870553,2316.7851671782646,0.0,2316.7851671782646,0.0,2316.7851671782646
Frame_298,-1.023333163534211,3.268306982074721,-2.5930159853619723,-3.225135770695788,1.8947550857886757,-1.6985702885253204,3.333871657886183,-1.497707688099042,-0.7114777661073699,-0.48747996159963813,1.9795292737286017,-6.42328480380346,-4.2517009746538115,-1.8888972674581457,-1.3365404905846006,-3.3755023583984176,-1.641268022383494,-1.6704841057453756,0.173133848245547,0.6421507750120863,0.08838335519435203,1.0350605889377598,-1.3905665100129614,-0.11868187323265478,0.06445748708063648,1.9737555259520874,-1.4320181948821957,1.9157703372282546,0.55961254677475,-1.8087989580310593,-3.565867359291092,1.0853661525569966,0.24495633318998522,0.11552535879673442,0.014253140445046109,2.251635602884668,-0.26542477040875706,0.3800797760730357,0.6674958202210026,-0.1587666735223222,0.38733107602913996,1.042604251684108,-0.7616199660854408,1.4002267855626929,-0.6796692482222895,-0.32946333360859625,0.8015638013984384,0.7250657958409279,-1.3720644441862908,-0.6055283308219446,2.0,0.0,1923.1666441281789,0.5,0.0,1343.052076157237,1575.151505432365,0.0,1575.151505432365,1575.151505432365,2349.186535651616,0.0,2349.186535651616,0.0,2349.186535651616
Frame_299,-5.2338955454966,3.465309566129989,4.895271629788285,-7.97276593240138,-2.4358420509400944,-2.942707477389353,0.21885197357290254,-0.9022264711132975,-4.5554373754261,5.144586861776057,0.13153860206385826,-1.5700232402338306,-0.1610644784129962,0.4459306345786179,0.34085096999181924,-0.15350691453564802,0.461940988615708,0.9911489174709104,-1.7242056362484253,0.48097317772283105,-0.8442117743516876,-0.511064763428807,1.5738152820867324,4.07001671791525,0.6652283764235988,-2.274521733330183,1.072188005772552,-0.5529025031723189,0.8968613132352372,-1.8543165939757735,1.1836962364311274,0.5770432923147119,0.5313199699462477,0.5294164266585903,3.204305562947167,-0.6143412084706379,2.538261460342911,0.1358258590669721,-0.08731379920366156,-2.042133442426045,-1.8654541600959478,0.12855260865196516,-0.9137231319772292,0.31245449163766464,-0.2662821997102438,-0.6650844610077464,0.5443508526934673,-0.45917223164993964,0.6500308374434284,0.5588824444741636,2.0,0.0,2281.3364768004813,0.5,0.0,1379.7355044106166,2086.7527831146645,0.0,2086.7527831146645,2086.7527831146645,2142.5608510768793,0.0,2142.5608510768793,0.0,2142.5608510768793
Frame_300,0.3189894820215846,3.1475374972631127,-7.424946179925519,-2.096898983650399,-4.164687655119442,-0.5237919442844313,2.64857854238117,-4.844713847117865,-2.384007317903422,2.815990854778782,2.34725098475949,-0.5173583900287377,-6.351207182089928,-0.6875426576198795,-0.5386226266602547,1.2279924272502014,-1.9164490609914702,-0.19663301572937752,-0.9414129807574618,0.981372534139014,1.9123579782051503,0.6148280329123537,1.6472762826809562,-1.3802149250232163,1.4811925335876877,0.06556009558843312,-1.7861417897864524,-1.76582655636591,-0.8548203995926056,-0.6510931271416863,-2.2922550869311236,-0.18339438639083686,1.7424411715391712,0.24790934331779496,0.5365947557433413,1.6253689823346629,-0.09519841748485341,0.3374247652333746,0.011907943874417473,0.495774310387462,-0.2884664313835852,0.5968989545249677,-0.3729834521115583,0.335035648290284,0.26493630906777593,0.24408815979795945,-0.5888096488398507,0.6233305763413113,0.33787282059786833,-0.20418781406014325,2.0,0.0,1959.1320017886082,1.0,0.0,1215.9326665438182,1916.8645080728331,0.0,1916.8645080728331,1916.8645080728331,2342.8625393512903,0.0,2342.8625393512903,0.0,2342.8625393512903
Frame_301,-2.066310736054091,7.327366964612249,-2.1939376355028477,3.8585343123878495,0.6505796395576675,-0.26467033245626825,-0.9340310713177149,-0.7287654946300737,-1.0796205442155067,1.643498919269676,1.3573756088345381,-0.5807003523321499,-6.4495075473883094,-2.433668352175528,-1.8092906392820949,-0.3748138018540198,-2.3745396696912024,-0.9063702088688178,0.2591936452424689,-0.26699239882127745,0.34861849036229875,-0.16481754525045111,1.643900624774324,-1.1358664281701811,-0.5680152139552552,-1.4634078722441664,-0.10570508214028179,2.6568614138392928,0.9269399425386331,-1.2375954137308518,-0.62733414214996,-0.2685416093487069,0.01314908033843859,0.5235787648196679,1.5578241519030336,0.30136910025880714,-0.7594428280552912,-0.06874198226902598,1.1110897721143034,-0.7040454939080965,-0.5552298964120554,1.2423739971153491,0.40037760428664576,-0.2713999916585724,-0.4057857317390247,0.7364657116721942,1.3997948938177558,0.6099287340124675,1.1348958278400791,-0.23868142512806284,2.0,0.0,1935.599039196174,0.5,0.0,1337.448108326398,1530.8253966075602,0.0,1530.8253966075602,1530.8253966075602,2389.891118005673,0.0,2389.891118005673,0.0,2389.891118005673
Frame_302,-4.393814738661156,5.3346710244863775,2.245423762298693,1.5257861761974536,0.6801783803662023,-4.432424859553838,-2.0180602129450382,-0.07292689305689315,0.18666263945551087,-0.33457606877438595,0.6167986114353199,-3.15608561887384,-0.5699849196796889,-1.312364550832307,0.009848510120362253,-0.15161293410668897,-1.3470445172630927,-2.9214498642241757,-1.5436865657998338,-0.7086414826113006,-0.6522931242770966,-1.1840912382433866,-0.3294172892947598,-0.32785728252271285,0.6462550723303853,-1.0298980207948183,1.941719020740717,0.23146079006484993,-2.5685534688060003,-2.1947955672368566,1.0378153053394388,1.4157602655920432,1.0182622732382691,-0.22917873928837862,-0.7849195111621612,2.4426473047727875,1.0756559360049651,-0.5081356201237932,-1.4052524318153015,0.21690655274207254,0.5266938625468964,1.2835298264362098,-0.3206830655002226,0.21211009683088788,-0.5335225054787003,0.9704746721105635,-1.002749942366011,0.43971688897397937,-0.11359832523108698,0.0837449289202887,2.0,0.0,1905.0496413494916,0.5,0.0,1363.364321833816,1580.914342569269,0.0,1580.914342569269,1580.914342569269,2391.9195364249617,0.0,2391.9195364249617,0.0,2391.9195364249617
Frame_303,-2.259014141546279,3.5899051099474413,-4.507537306969775,-2.560309400467204,-4.865570444744875,0.687916409119057,-1.5429820674189099,-5.081652881501647,-0.09707828585341183,1.6940399104783626,2.904776314943413,-0.8586391771928398,1.7218797781553161,1.9913251686189648,-1.0180765543506816,-0.2618679273589032,-2.1743994077836946,2.0389531744549756,0.10476602566020321,1.5061331498842137,-0.4277934298950343,-0.8244558549211178,0.9604361046384924,-1.204875489039301,-0.09638502728630238,-0.02183124447315697,0.9952148730325636,-2.2343786888575448,0.7623018407189364,-1.6244582578402236,1.0327320848050239,-0.02047472918876042,1.330729218615105,-1.2239535561386423,0.4327367372221633,3.0003078972179784,2.2486370058231624,0.031262053449156724,-0.799170072805572,-0.17765407032629202,0.3085380758985272,1.5734653533096608,1.316225368255935,-0.6079174961994992,-1.30699112032851,-1.3830032907664862,0.8686247139168874,0.0227702096687607,0.08655718480575675,0.6317572084853459,2.0,0.0,2140.9565316200665,1.0,0.0,1374.0325401715427,1782.3478781985723,0.0,1782.3478781985723,1782.3478781985723,2329.519505946503,0.0,2329.519505946503,0.0,2329.519505946503
Frame_304,0.5532055806459004,5.832301567188546,-5.304922707434293,-5.92850403113581,0.37622964851013374,5.815260699435398,2.9633001863393567,-2.586156910136885,2.687287068445327,-1.6954625676217066,4.628833239381513,-2.764102857838015,-8.916756494434487,-0.5284052403855988,-2.1259539958701485,-3.8052580696352356,-4.693783528465692,-0.7419614903716949,1.9139078326354944,1.0174892982968446,-0.7673832524977112,1.9943411214826239,-0.8595107619868226,0.44458866844877365,-0.5845033160928437,0.1826326848611647,-0.8832712932929563,2.1790164040582525,-0.2342283103689965,-1.7620949207363912,0.34007140068174757,0.4372020296752685,-1.0257619735928798,-1.0293547917648782,1.049682925723459,0.7945662471395011,-0.4244392196196789,-0.8399584056284564,0.31432396762432724,-0.2248509239537014,-0.1353866508827925,1.2039527204400295,-0.43205302482340047,0.5233628762545387,-1.3135262848969718,0.12694867576221622,1.3740246098006788,0.003991622464609712,0.3264195967655482,-1.2701878906402086,2.0,0.0,1849.7986887550587,0.5,0.0,1283.5004723772884,1638.3679471693683,0.0,1638.3679471693683,1638.3679471693683,2224.449735869345,0.0,2224.449735869345,0.0,2224.449735869345
Frame_305,-2.4294990946058723,2.69156009134486,-7.254591629338619,-0.9564238483830196,-2.991797134186592,-3.3757216962591263,-0.9305677367310445,-3.9574262824102515,-1.5189027595252553,0.35745820477967394,3.809266379928807,-1.6652663220059019,-0.7663365689679273,-2.6026428133658763,-1.7122019323476378,1.887392825032183,-0.5640116165713747,0.4025059122318584,-1.0869707445458134,2.229047222306929,-0.1816454398112023,0.4968050237777363,-1.3531390337927374,-1.5243841688719688,-1.1675564925199398,-1.3761686988449573,-1.5835368839839121,0.770570645700829,1.1675714500188186,0.44137303503024894,1.5593959297891082,1.4650141742093457,0.39088210032585946,2.826519145668762,0.7110009395961339,0.8594470202980697,-0.7801263899917154,0.5632020725165615,0.5934695246697111,-0.9252539685338856,0.6960457659049673,0.3617367600692562,-0.03152365541459001,-1.3046096276865362,-0.8177434078348536,0.2890025137604846,1.2303094491246078,0.5148017595686429,-0.19042337902813444,1.0012007511392755,2.0,0.0,1974.6734923072486,0.5,0.0,1362.820936228267,1515.0476327683637,0.0,1515.0476327683637,1515.0476327683637,2360.802398354022,0.0,2360.802398354022,0.0,2360.802398354022
Frame_306,-4.747589659322844,12.056071788866788,2.8218358220492914,0.3646556088256707,1.395832069209643,-10.297393920954342,4.800274209945921,2.1781824050529237,-10.054650835470081,-0.12809512128160083,3.247354142220606,1.3394079319777457,1.5475049732018733,2.5514756259842373,-1.504729831268441,-0.04792379103898481,0.411843776872167,1.6162065561677403,0.00042656472088613284,2.5270107432538786,2.7597814371641567,1.616910052500556,3.4299275334747166,0.9257064232932084,-0.05094048897284742,2.0728016554085316,-0.8049042010013805,0.6840358301023222,2.484763582607401,-2.0272589435670634,0.24861984685303123,0.5515358968155855,-0.18220721060748735,0.2692194655661492,-0.9373081431756032,2.152867467210194,-1.4174915123823004,-2.7415226077504764,1.7825573049785728,0.030407793941004208,-2.2160282208303266,0.6165517406391589,-1.5450920875575285,-1.7110379267492613,0.9497300068853575,-1.8209353771889707,1.730721966178771,-1.0816505847097801,-0.2099752288062628,-0.6476251236414299,2.0,0.0,2280.4997255596954,0.5,0.0,1378.2259029753964,2248.017570216961,0.0,2248.017570216961,2248.017570216961,2186.4371126385245,0.0,2186.4371126385245,0.0,2186.4371126385245
Frame_307,0.688371823303882,2.504323758065292,-6.870598458512627,-1.8446810851301165,-1.0062040388415232,1.2857871955410742,0.7777827021810597,-1.7586620177840662,-2.56600892833809,1.827467108235945,2.4856718857535047,-0.7280803948417833,0.5687023578832172,-6.696169931556665,1.4897029291288442,0.45939246131516787,-3.747325418427293,1.3736791504751489,-2.1449020468582507,1.6173972094052056,-1.4143009941928841,0.6064510442096827,-0.49802870052757287,-1.517511920772207,1.6738560366881572,-1.0367290263289628,-1.063471889784515,1.8301474582759412,-0.047054099268804384,-0.519094996349581,0.5434499341826993,1.331873898747343,-0.36877410416360673,0.862213785132858,1.1585738543419934,0.9342168677579885,0.4620539468142275,-0.6117439266874802,2.21150083465134,-0.09671690741367177,0.3983815818112413,-0.8025901286024882,0.3535528191766486,0.9955039716731436,0.6193385282101277,0.06446013784971477,0.2117426008140667,-0.7320349163930983,1.5621872962809285,-0.3821846440861589,2.0,0.0,2074.09343968589,0.5,0.0,1613.7872311255603,1195.1185513555638,0.0,1195.1185513555638,1195.1185513555638,2467.1198769919665,0.0,2467.1198769919665,0.0,2467.1198769919665
Frame_308,-0.11732366371432068,8.100560931621034,-3.358106703499711,-3.4682686598933543,1.7503998433981935,1.5723214080268806,-0.7582322138642373,-1.7819745997851881,1.0890816001616175,-0.0039049169821936403,2.003284711624987,1.587495676198969,1.0336248365586,-0.9517360135599724,0.7738299740160125,-3.6187631141715,-0.7923345678718988,0.7177656742874593,-1.5653216053021428,3.103552824179233,-0.5003087232800305,-1.7842426535531044,-0.21538294403759417,1.3427454080077843,-1.835533906808713,-0.45647485194805126,-0.5567647931467885,1.7509186931180798,2.188655013298785,0.0347214033015768,0.761900681853391,0.5952161116968709,-1.1866423244287931,0.967987360176106,-1.1796141680876129,1.6441015767383065,-1.0204673049026003,-0.43585842901190686,-0.4341823898397327,-0.8617889862227388,0.6333075270166775,-0.7125206003933342,0.8476992814787487,1.6288735470847047,-0.2772777572591124,-0.5941710514075361,-0.168711016827077,-0.3143490431343195,0.7015155984534845,0.3255953998534461,2.0,0.0,2033.131061667614,0.5,0.0,1647.377079527722,1220.7328089208984,0.0,1220.7328089208984,1220.7328089208984,2493.4589142041314,0.0,2493.4589142041314,0.0,2493.4589142041314
Frame_309,2.2739199699958212,-4.756200367340342,-7.928737033958524,6.918770633418956,1.4749276245476455,-3.273424077949908,2.522978804381155,-0.9357938711069199,-5.301769672712065,1.2563032126813953,2.9122811016624404,2.9302597693726593,3.393054850525042,3.5419862927373225,2.7880582397743168,1.814598330026176,-2.2543294904911675,-2.275812353901212,-1.2561786953904364,-3.1056387234889953,-2.1351443489106785,-0.3896709288727851,3.0047382838059846,1.6055904254440982,0.8601098552138907,-1.9697839917459206,0.03395372523412762,-0.5282699688954872,-1.1115818861599815,-0.2085693525409189,-2.332299893545963,0.6300864030567042,-0.8138178201653606,-0.23693965579163292,-0.14378150638050421,-0.35341844958647534,0.0894945634908247,0.4652196958817072,-0.6218212803176878,-3.4632336606357517,-1.5611127752561147,0.7361696185911715,1.0256774299899964,1.5054902413963027,1.9815259917359722,0.2430831522081641,-1.7590311041966917,0.3990933537381273,-0.8198214788307167,-0.13125468919037506,3.0,0.0,2388.177925434033,1.0,0.0,1289.2266627632737,1776.108040934446,585.6516642620365,980.9197124355659,2374.2974430229424,2249.682491061223,133.68530815139414,2360.3756307059434,110.6931396447203,2061.6034306798606
Frame_310,-1.9988186811013717,-3.0433806828531287,-6.403945396437964,2.604907801433593,0.569603798317138,1.1122912170172061,1.855682939084943,-1.1386569323725797,0.7640771873669718,-2.0544157831064997,2.9197878981797225,-0.8408153576561683,-1.0741489383563352,-1.7200365233326562,1.7118519804154164,-4.355391172765089,-1.5629917427170057,-3.0970545247552903,-2.391076001663834,-0.28658147571515,-4.7894625597071885,2.5121017474458376,1.242143778651124,4.492931572777717,3.0556784509520467,1.0080557057021742,1.1729342146449644,0.5183190350903771,-1.5306939909649573,0.35592601980009647,-0.5448129163310629,2.213595608530771,-1.0094041217158394,0.4527298195094249,-1.050205667624355,-0.8422280807751318,0.266194123919273,2.188242648023459,-1.4623888954480713,-2.4885569254894038,-0.7056441758304619,0.5038875601484388,0.10141245407148536,0.12893840104835302,-0.5402471004092113,0.4846690846834731,1.027840318805844,0.1398632496118684,-0.7615204469343029,-0.41178053572420015,2.0,0.0,1924.3479160616416,0.5,0.0,1446.9190635606449,1546.6934017267527,0.0,1546.6934017267527,1546.6934017267527,2329.2953553159614,0.0,2329.2953553159614,0.0,2329.2953553159614
Frame_311,-1.0796581458173584,-2.3348701479509137,-6.072760787027323,6.364214900030068,0.23860399171003888,4.796823701795471,0.15476559113963106,-1.5319021400635813,-2.618908137146698,3.4286522253576672,2.3187883553285444,3.550708671047465,1.6151658646585774,-2.84673644233593,0.32214808215137125,2.886092032279782,-1.0888084914635203,-2.2562457100658495,-2.6341050513504145,0.419031724650684,-1.9333143884421817,2.1056047867227856,2.091872866780122,1.1338327291580912,2.9706561258823947,-0.46125083446799453,-0.028204159624367453,-1.0493233027537614,0.042725183395613375,-0.5407964126287613,0.4439641638933731,-0.33692047269854597,-0.06147723444672293,0.14505278764319843,-0.8147591692132078,-0.3224556425867525,-0.44967350052981553,1.231456951976428,-0.6871077148450819,-0.689292812068675,-0.4067890333378329,-0.9625459063888612,0.45201097522809947,-1.4145959015491378,0.5493120523353789,-0.626044630169979,-0.08871456960009416,1.7676129287460993,0.35649759948292015,-0.764737644912926,2.0,0.0,1926.3784895264466,0.5,0.0,1360.6045271147339,1471.955693534811,0.0,1471.955693534811,1471.955693534811,2232.9377079080987,0.0,2232.9377079080987,0.0,2232.9377079080987
Frame_312,0.18166195771319704,2.992036819376092,4.8957240548094685,0.8329044538729007,4.054713549472125,-1.824146794543519,2.295056800447684,4.226216850595886,-5.939525434095772,4.814183304215608,-3.8187640332300683,-5.355398127946121,2.942288400359266,0.8101228537193212,0.9193537656123361,-1.2262657566504174,0.24369379464404872,3.113018750585521,-3.3748764745202258,2.243696631712572,-3.066151924088316,1.9635691170228347,4.357928694062285,0.942882824044636,1.3825577245885945,-0.3180793684783715,1.4694518738441786,3.2160663255624504,-0.3125619860841823,-1.8997026523040899,1.3574084024694602,1.1095173950389365,0.9252025473131923,-1.7649211826021076,0.7345556505120866,-0.820764840211117,-0.5303316733287748,0.24029403154140194,0.21077367240633893,2.0693575617684212,-0.0010242485628509934,2.2937440998998104,-1.8355743199220167,0.6249929958286558,-0.15804464490308684,1.091476571100724,0.48687071292702755,-0.8323578782276911,1.6757889116521554,-0.6174064440863044,2.0,0.0,2382.545519100041,1.0,0.0,1339.2222091765766,2543.017971751031,0.0,2543.017971751031,2543.017971751031,2436.605771014436,0.0,2436.605771014436,0.0,2436.605771014436
Frame_313,-4.09689413779239,11.73961337320177,0.3829855313875265,0.25456826588622516,-0.6168344520914459,-6.652758154287659,-0.9310945099744945,-2.3175551560829604,-0.8014558783316792,1.3908467545275687,3.0229819996573757,-2.645812585671477,-1.6774027262006583,1.3709073873623403,2.144776951692241,2.4257433158056068,-1.6107044754458908,-0.3589296961299162,0.07678473306594047,1.6345212221496264,0.14027048379466192,-1.7167660278493204,1.8059655238587156,0.8442704274554194,-0.07694339474736141,-0.3161891792555776,-0.2616138807683194,-0.5501236312997715,-0.7081834479686377,-0.3079341960088615,1.715628557433525,-1.8244180353523882,0.6338736362309042,-1.2901784047951186,-0.634887480604452,0.725482742434746,-0.10748961373292693,1.671813402004326,0.5410660340870302,1.3514428873658213,-0.3380859889924867,0.07970196209295394,0.029504407012609618,-0.798606070948371,-0.7462688738737373,0.7068646006465612,1.3326351928411198,-0.3251127883193966,0.005513196043103463,-0.3854765388757488,2.0,0.0,2232.846656030678,0.5,0.0,1374.011762225008,2058.786736810805,0.0,2058.786736810805,2058.786736810805,2247.711082583969,0.0,2247.711082583969,0.0,2247.711082583969
